^Corker 1] 启动成功，PID: 13072，复制流端口: 8502
[2026-06-28 08:24:09] INFO rtmp服务：rtmp://0.0.0.0:1935/{AppName}/{ChannelName}
[2026-06-28 08:24:09] INFO http-flv服务：http://0.0.0.0:8501/{AppName}/{ChannelName}.flv
[2026-06-28 08:24:09] INFO ws-flv服务：ws://0.0.0.0:8501/{AppName}/{ChannelName}.flv
[2026-06-28 08:24:09] INFO FLV 复制http-flv流服务（Worker 1）：http://0.0.0.0:8502/{AppName}/{ChannelName}.flv
[2026-06-28 08:24:09] INFO FLV 复制ws-flv流服务（Worker 1）：ws://0.0.0.0:8502/{AppName}/{ChannelName}.flv
[2026-06-28 08:24:09] INFO hls服务：http://0.0.0.0:80/hls/{AppName}/{ChannelName}/index.m3u8
[2026-06-28 08:24:12] INFO RTMP_HANDSHAKE_UNINIT
[2026-06-28 08:24:12] INFO RTMP_HANDSHAKE_C0
[2026-06-28 08:24:12] INFO RTMP_HANDSHAKE_C1
[2026-06-28 08:24:12] INFO new packet csid 3
[2026-06-28 08:24:12] INFO [rtmp connect] id=4GP59E6K ip=127.0.0.1 app=a args={"app":"a","type":"nonprivate","flashVer":"FMLE\/3.0 (compatible; Lavf62.18.100)","tcUrl":"rtmp:\/\/127.0.0.1:1935\/a"} use:0.73909759521484ms
[2026-06-28 08:24:12] INFO rtmpInvokeHandler connect use:1.6441345214844ms
[2026-06-28 08:24:12] INFO new packet csid 2
[2026-06-28 08:24:12] DEBUG set inChunkSize 60000
[2026-06-28 08:24:12] INFO rtmpInvokeHandler releaseStream use:0.0090599060058594ms
[2026-06-28 08:24:12] INFO rtmpInvokeHandler FCPublish use:0.0040531158447266ms
[2026-06-28 08:24:12] INFO [rtmp create stream] id=4GP59E6K ip=127.0.0.1 app=a args={"cmd":"createStream","transId":4}
[2026-06-28 08:24:12] INFO rtmpInvokeHandler createStream use:0.046014785766602ms
[2026-06-28 08:24:12] INFO new packet csid 8
[2026-06-28 08:24:12] INFO [rtmp publish] id=4GP59E6K ip=127.0.0.1 app=a args={"cmd":"publish","transId":5,"cmdObj":null,"streamName":"b","type":"live"}
[2026-06-28 08:24:12] INFO  add publisher /a/b
[2026-06-28 08:24:12] INFO flv pusher connecting WebSocket-FLV server: 127.0.0.1:8503
[2026-06-28 08:24:12] DEBUG flv pusher handshake response: HTTP/1.1 101 Switching Protocols
[2026-06-28 08:24:12] INFO flv pusher websocket handshake success
[2026-06-28 08:24:12] INFO flv pusher init success: /a/b -> 1 targets
[2026-06-28 08:24:12] INFO rtmpInvokeHandler publish use:7.3180198669434ms
[2026-06-28 08:24:12] INFO new packet csid 4
[2026-06-28 08:24:12] INFO rtmpDataHandler @setDataFrame {"cmd":"@setDataFrame","method":"onMetaData","dataObj":{"duration":0,"width":720,"height":742,"videodatarate":0,"framerate":30,"videocodecid":7,"audiodatarate":125,"audiosamplerate":44100,"audiosamplesize":16,"stereo":true,"audiocodecid":10,"major_brand":"isom","minor_version":"512","compatible_brands":"isomiso2avc1mp41","encoder":"Lavf62.18.100","filesize":0}}
[2026-06-28 08:24:12] INFO new packet csid 6
[2026-06-28 08:24:12] INFO flv pusher start play, path: /a/b
string(16) "发送flv header"
string(19) "发送flv meta data"
string(22) "发送flv avc sequence"
string(22) "发送flv aac sequence"
string(21) "发送当前触发帧"
[2026-06-28 08:24:12] INFO Sending audio frame, timestamp: 0
string(39) "复制流发送数据到其他的进程"
[2026-06-28 08:24:14] INFO Sending audio frame, timestamp: 0
string(39) "复制流发送数据到其他的进程"
[2026-06-28 08:24:14] INFO Sending video frame, timestamp: 23
string(39) "复制流发送数据到其他的进程"
[2026-06-28 08:24:14] INFO Sending audio frame, timestamp: 23
string(39) "复制流发送数据到其他的进程"
[2026-06-28 08:24:14] INFO Sending audio frame, timestamp: 46
string(39) "复制流发送数据到其他的进程"
[2026-06-28 08:24:14] INFO Sending video frame, timestamp: 56
string(39) "复制流发送数据到其他的进程"
[2026-06-28 08:24:14] INFO Sending audio frame, timestamp: 69
string(39) "复制流发送数据到其他的进程"
[2026-06-28 08:24:14] INFO Sending video frame, timestamp: 90
string(39) "复制流发送数据到其他的进程"
[2026-06-28 08:24:14] INFO Sending audio frame, timestamp: 93
string(39) "复制流发送数据到其他的进程"
[2026-06-28 08:24:14] INFO Sending audio frame, timestamp: 116
string(39) "复制流发送数据到其他的进程"
[2026-06-28 08:24:14] INFO Sending video frame, timestamp: 123
string(39) "复制流发送数据到其他的进程"
[2026-06-28 08:24:14] INFO Sending audio frame, timestamp: 139
string(39) "复制流发送数据到其他的进程"
[2026-06-28 08:24:14] INFO Sending video frame, timestamp: 156
string(39) "复制流发送数据到其他的进程"
[2026-06-28 08:24:14] INFO Sending audio frame, timestamp: 162
string(39) "复制流发送数据到其他的进程"
[2026-06-28 08:24:14] INFO Sending audio frame, timestamp: 186
string(39) "复制流发送数据到其他的进程"
[2026-06-28 08:24:14] INFO Sending video frame, timestamp: 190
string(39) "复制流发送数据到其他的进程"
[2026-06-28 08:24:14] INFO Sending audio frame, timestamp: 209
string(39) "复制流发送数据到其他的进程"
[2026-06-28 08:24:14] INFO Sending video frame, timestamp: 223
string(39) "复制流发送数据到其他的进程"
[2026-06-28 08:24:14] INFO Sending audio frame, timestamp: 232
string(39) "复制流发送数据到其他的进程"
[2026-06-28 08:24:14] INFO Sending audio frame, timestamp: 255
string(39) "复制流发送数据到其他的进程"
[2026-06-28 08:24:14] INFO Sending video frame, timestamp: 256
string(39) "复制流发送数据到其他的进程"
[2026-06-28 08:24:14] INFO Sending audio frame, timestamp: 278
string(39) "复制流发送数据到其他的进程"
[2026-06-28 08:24:14] INFO Sending video frame, timestamp: 290
string(39) "复制流发送数据到其他的进程"
[2026-06-28 08:24:14] INFO Sending audio frame, timestamp: 302
string(39) "复制流发送数据到其他的进程"
[2026-06-28 08:24:14] INFO Sending video frame, timestamp: 323
string(39) "复制流发送数据到其他的进程"
[2026-06-28 08:24:14] INFO Sending audio frame, timestamp: 325
string(39) "复制流发送数据到其他的进程"
[2026-06-28 08:24:14] INFO Sending audio frame, timestamp: 348
string(39) "复制流发送数据到其他的进程"
[2026-06-28 08:24:14] INFO Sending video frame, timestamp: 356
string(39) "复制流发送数据到其他的进程"
[2026-06-28 08:24:14] INFO Sending audio frame, timestamp: 371
string(39) "复制流发送数据到其他的进程"
[2026-06-28 08:24:14] INFO Sending video frame, timestamp: 390
string(39) "复制流发送数据到其他的进程"
[2026-06-28 08:24:14] INFO Sending audio frame, timestamp: 395
string(39) "复制流发送数据到其他的进程"
[2026-06-28 08:24:14] INFO Sending audio frame, timestamp: 418
string(39) "复制流发送数据到其他的进程"
[2026-06-28 08:24:14] INFO Sending video frame, timestamp: 423
string(39) "复制流发送数据到其他的进程"
[2026-06-28 08:24:14] INFO Sending audio frame, timestamp: 441
string(39) "复制流发送数据到其他的进程"
[2026-06-28 08:24:14] INFO Sending video frame, timestamp: 456
string(39) "复制流发送数据到其他的进程"
[2026-06-28 08:24:14] INFO Sending audio frame, timestamp: 464
string(39) "复制流发送数据到其他的进程"
[2026-06-28 08:24:14] INFO Sending audio frame, timestamp: 487
string(39) "复制流发送数据到其他的进程"
[2026-06-28 08:24:14] INFO Sending video frame, timestamp: 490
string(39) "复制流发送数据到其他的进程"
[2026-06-28 08:24:14] INFO Sending audio frame, timestamp: 511
string(39) "复制流发送数据到其他的进程"
[2026-06-28 08:24:14] INFO Sending video frame, timestamp: 523
string(39) "复制流发送数据到其他的进程"
[2026-06-28 08:24:14] INFO Sending audio frame, timestamp: 534
string(39) "复制流发送数据到其他的进程"
[2026-06-28 08:24:14] INFO Sending video frame, timestamp: 556
string(39) "复制流发送数据到其他的进程"
[2026-06-28 08:24:14] INFO Sending audio frame, timestamp: 557
string(39) "复制流发送数据到其他的进程"
[2026-06-28 08:24:14] INFO Sending audio frame, timestamp: 580
string(39) "复制流发送数据到其他的进程"
[2026-06-28 08:24:14] INFO Sending video frame, timestamp: 590
string(39) "复制流发送数据到其他的进程"
[2026-06-28 08:24:14] INFO Sending audio frame, timestamp: 603
string(39) "复制流发送数据到其他的进程"
[2026-06-28 08:24:14] INFO Sending video frame, timestamp: 623
string(39) "复制流发送数据到其他的进程"
[2026-06-28 08:24:14] INFO Sending audio frame, timestamp: 627
string(39) "复制流发送数据到其他的进程"
[2026-06-28 08:24:14] INFO Sending audio frame, timestamp: 650
string(39) "复制流发送数据到其他的进程"
[2026-06-28 08:24:14] INFO Sending video frame, timestamp: 656
string(39) "复制流发送数据到其他的进程"
[2026-06-28 08:24:15] INFO Sending audio frame, timestamp: 673
string(39) "复制流发送数据到其他的进程"
[2026-06-28 08:24:15] INFO Sending video frame, timestamp: 690
[2026-06-28 08:24:15] INFO flv play stream start play
[2026-06-28 08:24:15] INFO  add player /a/b
string(39) "复制流发送数据到其他的进程"
[2026-06-28 08:24:15] INFO Sending audio frame, timestamp: 696
string(39) "复制流发送数据到其他的进程"
[2026-06-28 08:24:15] INFO Sending audio frame, timestamp: 720
string(39) "复制流发送数据到其他的进程"
[2026-06-28 08:24:15] INFO Sending video frame, timestamp: 723
string(39) "复制流发送数据到其他的进程"
[2026-06-28 08:24:15] INFO Sending audio frame, timestamp: 743
string(39) "复制流发送数据到其他的进程"
[2026-06-28 08:24:15] INFO Sending video frame, timestamp: 756
string(39) "复制流发送数据到其他的进程"
[2026-06-28 08:24:15] INFO Sending audio frame, timestamp: 766
string(39) "复制流发送数据到其他的进程"
[2026-06-28 08:24:15] INFO Sending audio frame, timestamp: 789
string(39) "复制流发送数据到其他的进程"
[2026-06-28 08:24:15] INFO Sending video frame, timestamp: 790
string(39) "复制流发送数据到其他的进程"
[2026-06-28 08:24:15] INFO Sending audio frame, timestamp: 812
string(39) "复制流发送数据到其他的进程"
[2026-06-28 08:24:15] INFO Sending video frame, timestamp: 823
string(39) "复制流发送数据到其他的进程"
[2026-06-28 08:24:15] INFO Sending audio frame, timestamp: 836
string(39) "复制流发送数据到其他的进程"
[2026-06-28 08:24:15] INFO Sending video frame, timestamp: 856
string(39) "复制流发送数据到其他的进程"
[2026-06-28 08:24:15] INFO Sending audio frame, timestamp: 859
string(39) "复制流发送数据到其他的进程"
[2026-06-28 08:24:15] INFO Sending audio frame, timestamp: 882
string(39) "复制流发送数据到其他的进程"
[2026-06-28 08:24:15] INFO Sending video frame, timestamp: 890
string(39) "复制流发送数据到其他的进程"
[2026-06-28 08:24:15] INFO Sending audio frame, timestamp: 905
string(39) "复制流发送数据到其他的进程"
[2026-06-28 08:24:15] INFO Sending video frame, timestamp: 923
string(39) "复制流发送数据到其他的进程"
[2026-06-28 08:24:15] INFO Sending audio frame, timestamp: 929
string(39) "复制流发送数据到其他的进程"
[2026-06-28 08:24:15] INFO Sending audio frame, timestamp: 952
string(39) "复制流发送数据到其他的进程"
[2026-06-28 08:24:15] INFO Sending video frame, timestamp: 956
string(39) "复制流发送数据到其他的进程"
[2026-06-28 08:24:15] INFO Sending audio frame, timestamp: 975
string(39) "复制流发送数据到其他的进程"
[2026-06-28 08:24:15] INFO Sending video frame, timestamp: 990
string(39) "复制流发送数据到其他的进程"
[2026-06-28 08:24:15] INFO Sending audio frame, timestamp: 998
string(39) "复制流发送数据到其他的进程"
[2026-06-28 08:24:15] INFO Sending audio frame, timestamp: 1021
string(39) "复制流发送数据到其他的进程"
[2026-06-28 08:24:15] INFO Sending video frame, timestamp: 1023
string(39) "复制流发送数据到其他的进程"
[2026-06-28 08:24:15] INFO Sending audio frame, timestamp: 1045
string(39) "复制流发送数据到其他的进程"
[2026-06-28 08:24:15] INFO Sending video frame, timestamp: 1056
string(39) "复制流发送数据到其他的进程"
[2026-06-28 08:24:15] INFO Sending audio frame, timestamp: 1068
string(39) "复制流发送数据到其他的进程"
[2026-06-28 08:24:15] INFO Sending video frame, timestamp: 1090
string(39) "复制流发送数据到其他的进程"
[2026-06-28 08:24:15] INFO Sending audio frame, timestamp: 1091
string(39) "复制流发送数据到其他的进程"
[2026-06-28 08:24:15] INFO Sending audio frame, timestamp: 1114
string(39) "复制流发送数据到其他的进程"
[2026-06-28 08:24:15] INFO Sending video frame, timestamp: 1123
string(39) "复制流发送数据到其他的进程"
[2026-06-28 08:24:15] INFO Sending audio frame, timestamp: 1138
string(39) "复制流发送数据到其他的进程"
[2026-06-28 08:24:15] INFO Sending video frame, timestamp: 1156
string(39) "复制流发送数据到其他的进程"
[2026-06-28 08:24:15] INFO Sending audio frame, timestamp: 1161
string(39) "复制流发送数据到其他的进程"
[2026-06-28 08:24:15] INFO Sending audio frame, timestamp: 1184
string(39) "复制流发送数据到其他的进程"
[2026-06-28 08:24:15] INFO Sending video frame, timestamp: 1190
string(39) "复制流发送数据到其他的进程"
[2026-06-28 08:24:15] INFO Sending audio frame, timestamp: 1207
string(39) "复制流发送数据到其他的进程"
[2026-06-28 08:24:15] INFO Sending video frame, timestamp: 1223
string(39) "复制流发送数据到其他的进程"
[2026-06-28 08:24:15] INFO Sending audio frame, timestamp: 1230
string(39) "复制流发送数据到其他的进程"
[2026-06-28 08:24:15] INFO Sending audio frame, timestamp: 1254
string(39) "复制流发送数据到其他的进程"
[2026-06-28 08:24:15] INFO Sending video frame, timestamp: 1256
string(39) "复制流发送数据到其他的进程"
[2026-06-28 08:24:15] INFO Sending audio frame, timestamp: 1277
string(39) "复制流发送数据到其他的进程"
[2026-06-28 08:24:15] INFO Sending video frame, timestamp: 1290
string(39) "复制流发送数据到其他的进程"
[2026-06-28 08:24:15] INFO Sending audio frame, timestamp: 1300
string(39) "复制流发送数据到其他的进程"
[2026-06-28 08:24:15] INFO Sending video frame, timestamp: 1323
string(39) "复制流发送数据到其他的进程"
[2026-06-28 08:24:15] INFO Sending audio frame, timestamp: 1323
string(39) "复制流发送数据到其他的进程"
[2026-06-28 08:24:15] INFO Sending audio frame, timestamp: 1347
string(39) "复制流发送数据到其他的进程"
[2026-06-28 08:24:15] INFO Sending video frame, timestamp: 1356
string(39) "复制流发送数据到其他的进程"
[2026-06-28 08:24:15] INFO Sending audio frame, timestamp: 1370
string(39) "复制流发送数据到其他的进程"
[2026-06-28 08:24:15] INFO Sending video frame, timestamp: 1390
string(39) "复制流发送数据到其他的进程"
[2026-06-28 08:24:15] INFO Sending audio frame, timestamp: 1393
string(39) "复制流发送数据到其他的进程"
[2026-06-28 08:24:15] INFO Sending audio frame, timestamp: 1416
string(39) "复制流发送数据到其他的进程"
[2026-06-28 08:24:15] INFO Sending video frame, timestamp: 1423
string(39) "复制流发送数据到其他的进程"
[2026-06-28 08:24:15] INFO Sending audio frame, timestamp: 1439
string(39) "复制流发送数据到其他的进程"
[2026-06-28 08:24:15] INFO Sending video frame, timestamp: 1456
string(39) "复制流发送数据到其他的进程"
[2026-06-28 08:24:15] INFO Sending audio frame, timestamp: 1463
string(39) "复制流发送数据到其他的进程"
[2026-06-28 08:24:15] INFO Sending audio frame, timestamp: 1486
string(39) "复制流发送数据到其他的进程"
[2026-06-28 08:24:15] INFO Sending video frame, timestamp: 1490
string(39) "复制流发送数据到其他的进程"
[2026-06-28 08:24:15] INFO Sending audio frame, timestamp: 1509
string(39) "复制流发送数据到其他的进程"
[2026-06-28 08:24:15] INFO Sending video frame, timestamp: 1523
string(39) "复制流发送数据到其他的进程"
[2026-06-28 08:24:15] INFO Sending audio frame, timestamp: 1532
string(39) "复制流发送数据到其他的进程"
[2026-06-28 08:24:15] INFO Sending video frame, timestamp: 1556
string(39) "复制流发送数据到其他的进程"
[2026-06-28 08:24:15] INFO Sending audio frame, timestamp: 1556
string(39) "复制流发送数据到其他的进程"
[2026-06-28 08:24:15] INFO Sending audio frame, timestamp: 1579
string(39) "复制流发送数据到其他的进程"
[2026-06-28 08:24:15] INFO Sending video frame, timestamp: 1590
string(39) "复制流发送数据到其他的进程"
[2026-06-28 08:24:15] INFO Sending audio frame, timestamp: 1602
string(39) "复制流发送数据到其他的进程"
[2026-06-28 08:24:15] INFO Sending video frame, timestamp: 1623
string(39) "复制流发送数据到其他的进程"
[2026-06-28 08:24:15] INFO Sending audio frame, timestamp: 1625
string(39) "复制流发送数据到其他的进程"
[2026-06-28 08:24:15] INFO Sending audio frame, timestamp: 1648
string(39) "复制流发送数据到其他的进程"
[2026-06-28 08:24:15] INFO Sending video frame, timestamp: 1656
string(39) "复制流发送数据到其他的进程"
[2026-06-28 08:24:16] INFO Sending audio frame, timestamp: 1672
string(39) "复制流发送数据到其他的进程"
[2026-06-28 08:24:16] INFO Sending video frame, timestamp: 1690
string(39) "复制流发送数据到其他的进程"
[2026-06-28 08:24:16] INFO Sending audio frame, timestamp: 1695
string(39) "复制流发送数据到其他的进程"
[2026-06-28 08:24:16] INFO Sending audio frame, timestamp: 1718
string(39) "复制流发送数据到其他的进程"
[2026-06-28 08:24:16] INFO Sending video frame, timestamp: 1723
string(39) "复制流发送数据到其他的进程"
[2026-06-28 08:24:16] INFO Sending audio frame, timestamp: 1741
string(39) "复制流发送数据到其他的进程"
[2026-06-28 08:24:16] INFO Sending video frame, timestamp: 1756
string(39) "复制流发送数据到其他的进程"
[2026-06-28 08:24:16] INFO Sending audio frame, timestamp: 1764
string(39) "复制流发送数据到其他的进程"
[2026-06-28 08:24:16] INFO Sending audio frame, timestamp: 1788
string(39) "复制流发送数据到其他的进程"
[2026-06-28 08:24:16] INFO Sending video frame, timestamp: 1790
string(39) "复制流发送数据到其他的进程"
[2026-06-28 08:24:16] INFO Sending audio frame, timestamp: 1811
string(39) "复制流发送数据到其他的进程"
[2026-06-28 08:24:16] INFO Sending video frame, timestamp: 1823
string(39) "复制流发送数据到其他的进程"
[2026-06-28 08:24:16] INFO Sending audio frame, timestamp: 1834
string(39) "复制流发送数据到其他的进程"
[2026-06-28 08:24:16] INFO Sending video frame, timestamp: 1856
string(39) "复制流发送数据到其他的进程"
[2026-06-28 08:24:16] INFO Sending audio frame, timestamp: 1857
string(39) "复制流发送数据到其他的进程"
[2026-06-28 08:24:16] INFO Sending audio frame, timestamp: 1881
string(39) "复制流发送数据到其他的进程"
[2026-06-28 08:24:16] INFO Sending video frame, timestamp: 1890
string(39) "复制流发送数据到其他的进程"
[2026-06-28 08:24:16] INFO Sending audio frame, timestamp: 1904
string(39) "复制流发送数据到其他的进程"
[2026-06-28 08:24:16] INFO Sending video frame, timestamp: 1923
string(39) "复制流发送数据到其他的进程"
[2026-06-28 08:24:16] INFO Sending audio frame, timestamp: 1927
string(39) "复制流发送数据到其他的进程"
[2026-06-28 08:24:16] INFO Sending audio frame, timestamp: 1950
string(39) "复制流发送数据到其他的进程"
[2026-06-28 08:24:16] INFO Sending video frame, timestamp: 1956
string(39) "复制流发送数据到其他的进程"
[2026-06-28 08:24:16] INFO Sending audio frame, timestamp: 1973
string(39) "复制流发送数据到其他的进程"
[2026-06-28 08:24:16] INFO Sending video frame, timestamp: 1990
string(39) "复制流发送数据到其他的进程"
[2026-06-28 08:24:16] INFO Sending audio frame, timestamp: 1997
string(39) "复制流发送数据到其他的进程"
[2026-06-28 08:24:16] INFO Sending audio frame, timestamp: 2020
string(39) "复制流发送数据到其他的进程"
[2026-06-28 08:24:16] INFO Sending video frame, timestamp: 2023
string(39) "复制流发送数据到其他的进程"
[2026-06-28 08:24:16] INFO Sending audio frame, timestamp: 2043
string(39) "复制流发送数据到其他的进程"
[2026-06-28 08:24:16] INFO Sending video frame, timestamp: 2056
string(39) "复制流发送数据到其他的进程"
[2026-06-28 08:24:16] INFO Sending audio frame, timestamp: 2066
string(39) "复制流发送数据到其他的进程"
[2026-06-28 08:24:16] INFO Sending video frame, timestamp: 2090
string(39) "复制流发送数据到其他的进程"
[2026-06-28 08:24:16] INFO Sending audio frame, timestamp: 2090
string(39) "复制流发送数据到其他的进程"
[2026-06-28 08:24:16] INFO Sending audio frame, timestamp: 2113
string(39) "复制流发送数据到其他的进程"
[2026-06-28 08:24:16] INFO Sending video frame, timestamp: 2123
string(39) "复制流发送数据到其他的进程"
[2026-06-28 08:24:16] INFO Sending audio frame, timestamp: 2136
string(39) "复制流发送数据到其他的进程"
[2026-06-28 08:24:16] INFO Sending video frame, timestamp: 2156
string(39) "复制流发送数据到其他的进程"
[2026-06-28 08:24:16] INFO Sending audio frame, timestamp: 2159
string(39) "复制流发送数据到其他的进程"
[2026-06-28 08:24:16] INFO Sending audio frame, timestamp: 2182
string(39) "复制流发送数据到其他的进程"
[2026-06-28 08:24:16] INFO Sending video frame, timestamp: 2190
string(39) "复制流发送数据到其他的进程"
[2026-06-28 08:24:16] INFO Sending audio frame, timestamp: 2206
string(39) "复制流发送数据到其他的进程"
[2026-06-28 08:24:16] INFO Sending video frame, timestamp: 2223
string(39) "复制流发送数据到其他的进程"
[2026-06-28 08:24:16] INFO Sending audio frame, timestamp: 2229
string(39) "复制流发送数据到其他的进程"
[2026-06-28 08:24:16] INFO Sending audio frame, timestamp: 2252
string(39) "复制流发送数据到其他的进程"
[2026-06-28 08:24:16] INFO Sending video frame, timestamp: 2256
string(39) "复制流发送数据到其他的进程"
[2026-06-28 08:24:16] INFO Sending audio frame, timestamp: 2275
string(39) "复制流发送数据到其他的进程"
[2026-06-28 08:24:16] INFO Sending video frame, timestamp: 2290
string(39) "复制流发送数据到其他的进程"
[2026-06-28 08:24:16] INFO Sending audio frame, timestamp: 2299
string(39) "复制流发送数据到其他的进程"
[2026-06-28 08:24:16] INFO Sending audio frame, timestamp: 2322
string(39) "复制流发送数据到其他的进程"
[2026-06-28 08:24:16] INFO Sending video frame, timestamp: 2323
string(39) "复制流发送数据到其他的进程"
[2026-06-28 08:24:16] INFO Sending audio frame, timestamp: 2345
string(39) "复制流发送数据到其他的进程"
[2026-06-28 08:24:16] INFO Sending video frame, timestamp: 2356
string(39) "复制流发送数据到其他的进程"
[2026-06-28 08:24:16] INFO Sending audio frame, timestamp: 2368
string(39) "复制流发送数据到其他的进程"
[2026-06-28 08:24:16] INFO Sending video frame, timestamp: 2390
string(39) "复制流发送数据到其他的进程"
[2026-06-28 08:24:16] INFO Sending audio frame, timestamp: 2391
string(39) "复制流发送数据到其他的进程"
[2026-06-28 08:24:16] INFO Sending audio frame, timestamp: 2415
string(39) "复制流发送数据到其他的进程"
[2026-06-28 08:24:16] INFO Sending video frame, timestamp: 2423
string(39) "复制流发送数据到其他的进程"
[2026-06-28 08:24:16] INFO Sending audio frame, timestamp: 2438
string(39) "复制流发送数据到其他的进程"
[2026-06-28 08:24:16] INFO Sending video frame, timestamp: 2456
string(39) "复制流发送数据到其他的进程"
[2026-06-28 08:24:16] INFO Sending audio frame, timestamp: 2461
string(39) "复制流发送数据到其他的进程"
[2026-06-28 08:24:16] INFO Sending audio frame, timestamp: 2484
string(39) "复制流发送数据到其他的进程"
[2026-06-28 08:24:16] INFO Sending video frame, timestamp: 2490
string(39) "复制流发送数据到其他的进程"
[2026-06-28 08:24:16] INFO Sending audio frame, timestamp: 2508
string(39) "复制流发送数据到其他的进程"
[2026-06-28 08:24:16] INFO Sending video frame, timestamp: 2523
string(39) "复制流发送数据到其他的进程"
[2026-06-28 08:24:16] INFO Sending audio frame, timestamp: 2531
string(39) "复制流发送数据到其他的进程"
[2026-06-28 08:24:16] INFO Sending audio frame, timestamp: 2554
string(39) "复制流发送数据到其他的进程"
[2026-06-28 08:24:16] INFO Sending video frame, timestamp: 2556
string(39) "复制流发送数据到其他的进程"
[2026-06-28 08:24:16] INFO Sending audio frame, timestamp: 2577
string(39) "复制流发送数据到其他的进程"
[2026-06-28 08:24:16] INFO Sending video frame, timestamp: 2590
string(39) "复制流发送数据到其他的进程"
[2026-06-28 08:24:16] INFO Sending audio frame, timestamp: 2600
string(39) "复制流发送数据到其他的进程"
[2026-06-28 08:24:16] INFO Sending video frame, timestamp: 2623
string(39) "复制流发送数据到其他的进程"
[2026-06-28 08:24:16] INFO Sending audio frame, timestamp: 2624
string(39) "复制流发送数据到其他的进程"
[2026-06-28 08:24:16] INFO Sending audio frame, timestamp: 2647
string(39) "复制流发送数据到其他的进程"
[2026-06-28 08:24:16] INFO Sending video frame, timestamp: 2656
string(39) "复制流发送数据到其他的进程"
[2026-06-28 08:24:17] INFO Sending audio frame, timestamp: 2670
string(39) "复制流发送数据到其他的进程"
[2026-06-28 08:24:17] INFO Sending video frame, timestamp: 2690
string(39) "复制流发送数据到其他的进程"
[2026-06-28 08:24:17] INFO Sending audio frame, timestamp: 2693
string(39) "复制流发送数据到其他的进程"
[2026-06-28 08:24:17] INFO Sending audio frame, timestamp: 2717
string(39) "复制流发送数据到其他的进程"
[2026-06-28 08:24:17] INFO Sending video frame, timestamp: 2723
string(39) "复制流发送数据到其他的进程"
[2026-06-28 08:24:17] INFO Sending audio frame, timestamp: 2740
string(39) "复制流发送数据到其他的进程"
[2026-06-28 08:24:17] INFO Sending video frame, timestamp: 2756
string(39) "复制流发送数据到其他的进程"
[2026-06-28 08:24:17] INFO Sending audio frame, timestamp: 2763
string(39) "复制流发送数据到其他的进程"
[2026-06-28 08:24:17] INFO Sending audio frame, timestamp: 2786
string(39) "复制流发送数据到其他的进程"
[2026-06-28 08:24:17] INFO Sending video frame, timestamp: 2790
string(39) "复制流发送数据到其他的进程"
[2026-06-28 08:24:17] INFO Sending audio frame, timestamp: 2809
string(39) "复制流发送数据到其他的进程"
[2026-06-28 08:24:17] INFO Sending video frame, timestamp: 2823
string(39) "复制流发送数据到其他的进程"
[2026-06-28 08:24:17] INFO Sending audio frame, timestamp: 2833
string(39) "复制流发送数据到其他的进程"
[2026-06-28 08:24:17] INFO Sending video frame, timestamp: 2856
string(39) "复制流发送数据到其他的进程"
[2026-06-28 08:24:17] INFO Sending audio frame, timestamp: 2856
string(39) "复制流发送数据到其他的进程"
[2026-06-28 08:24:17] INFO Sending audio frame, timestamp: 2879
string(39) "复制流发送数据到其他的进程"
[2026-06-28 08:24:17] INFO Sending video frame, timestamp: 2890
string(39) "复制流发送数据到其他的进程"
[2026-06-28 08:24:17] INFO Sending audio frame, timestamp: 2902
string(39) "复制流发送数据到其他的进程"
[2026-06-28 08:24:17] INFO Sending video frame, timestamp: 2923
string(39) "复制流发送数据到其他的进程"
[2026-06-28 08:24:17] INFO Sending audio frame, timestamp: 2925
string(39) "复制流发送数据到其他的进程"
[2026-06-28 08:24:17] INFO Sending audio frame, timestamp: 2949
string(39) "复制流发送数据到其他的进程"
[2026-06-28 08:24:17] INFO Sending video frame, timestamp: 2956
string(39) "复制流发送数据到其他的进程"
[2026-06-28 08:24:17] INFO Sending audio frame, timestamp: 2972
string(39) "复制流发送数据到其他的进程"
[2026-06-28 08:24:17] INFO Sending video frame, timestamp: 2990
string(39) "复制流发送数据到其他的进程"
[2026-06-28 08:24:17] INFO Sending audio frame, timestamp: 2995
string(39) "复制流发送数据到其他的进程"
[2026-06-28 08:24:17] INFO Sending audio frame, timestamp: 3018
string(39) "复制流发送数据到其他的进程"
[2026-06-28 08:24:17] INFO Sending video frame, timestamp: 3023
string(39) "复制流发送数据到其他的进程"
[2026-06-28 08:24:17] INFO Sending audio frame, timestamp: 3042
string(39) "复制流发送数据到其他的进程"
[2026-06-28 08:24:17] INFO Sending video frame, timestamp: 3056
string(39) "复制流发送数据到其他的进程"
[2026-06-28 08:24:17] INFO Sending audio frame, timestamp: 3065
string(39) "复制流发送数据到其他的进程"
[2026-06-28 08:24:17] INFO Sending audio frame, timestamp: 3088
string(39) "复制流发送数据到其他的进程"
[2026-06-28 08:24:17] INFO Sending video frame, timestamp: 3090
string(39) "复制流发送数据到其他的进程"
[2026-06-28 08:24:17] INFO Sending audio frame, timestamp: 3111
string(39) "复制流发送数据到其他的进程"
[2026-06-28 08:24:17] INFO Sending video frame, timestamp: 3123
string(39) "复制流发送数据到其他的进程"
[2026-06-28 08:24:17] INFO Sending audio frame, timestamp: 3134
string(39) "复制流发送数据到其他的进程"
[2026-06-28 08:24:17] INFO Sending video frame, timestamp: 3156
string(39) "复制流发送数据到其他的进程"
[2026-06-28 08:24:17] INFO Sending audio frame, timestamp: 3158
string(39) "复制流发送数据到其他的进程"
[2026-06-28 08:24:17] INFO Sending audio frame, timestamp: 3181
string(39) "复制流发送数据到其他的进程"
[2026-06-28 08:24:17] INFO Sending video frame, timestamp: 3190
string(39) "复制流发送数据到其他的进程"
[2026-06-28 08:24:17] INFO Sending audio frame, timestamp: 3204
string(39) "复制流发送数据到其他的进程"
[2026-06-28 08:24:17] INFO Sending video frame, timestamp: 3223
string(39) "复制流发送数据到其他的进程"
[2026-06-28 08:24:17] INFO Sending audio frame, timestamp: 3227
string(39) "复制流发送数据到其他的进程"
[2026-06-28 08:24:17] INFO Sending audio frame, timestamp: 3251
string(39) "复制流发送数据到其他的进程"
[2026-06-28 08:24:17] INFO Sending video frame, timestamp: 3256
string(39) "复制流发送数据到其他的进程"
[2026-06-28 08:24:17] INFO Sending audio frame, timestamp: 3274
string(39) "复制流发送数据到其他的进程"
[2026-06-28 08:24:17] INFO Sending video frame, timestamp: 3290
string(39) "复制流发送数据到其他的进程"
[2026-06-28 08:24:17] INFO Sending audio frame, timestamp: 3297
string(39) "复制流发送数据到其他的进程"
[2026-06-28 08:24:17] INFO Sending audio frame, timestamp: 3320
string(39) "复制流发送数据到其他的进程"
[2026-06-28 08:24:17] INFO Sending video frame, timestamp: 3323
string(39) "复制流发送数据到其他的进程"
[2026-06-28 08:24:17] INFO Sending audio frame, timestamp: 3343
string(39) "复制流发送数据到其他的进程"
[2026-06-28 08:24:17] INFO Sending video frame, timestamp: 3356
string(39) "复制流发送数据到其他的进程"
[2026-06-28 08:24:17] INFO Sending audio frame, timestamp: 3367
string(39) "复制流发送数据到其他的进程"
[2026-06-28 08:24:17] INFO Sending video frame, timestamp: 3390
string(39) "复制流发送数据到其他的进程"
[2026-06-28 08:24:17] INFO Sending audio frame, timestamp: 3390
string(39) "复制流发送数据到其他的进程"
[2026-06-28 08:24:17] INFO Sending audio frame, timestamp: 3413
string(39) "复制流发送数据到其他的进程"
[2026-06-28 08:24:17] INFO Sending video frame, timestamp: 3423
string(39) "复制流发送数据到其他的进程"
[2026-06-28 08:24:17] INFO Sending audio frame, timestamp: 3436
string(39) "复制流发送数据到其他的进程"
[2026-06-28 08:24:17] INFO Sending video frame, timestamp: 3456
string(39) "复制流发送数据到其他的进程"
[2026-06-28 08:24:17] INFO Sending audio frame, timestamp: 3460
string(39) "复制流发送数据到其他的进程"
[2026-06-28 08:24:17] INFO Sending audio frame, timestamp: 3483
string(39) "复制流发送数据到其他的进程"
[2026-06-28 08:24:17] INFO Sending video frame, timestamp: 3490
string(39) "复制流发送数据到其他的进程"
[2026-06-28 08:24:17] INFO Sending audio frame, timestamp: 3506
string(39) "复制流发送数据到其他的进程"
[2026-06-28 08:24:17] INFO Sending video frame, timestamp: 3523
string(39) "复制流发送数据到其他的进程"
[2026-06-28 08:24:17] INFO Sending audio frame, timestamp: 3529
string(39) "复制流发送数据到其他的进程"
[2026-06-28 08:24:17] INFO Sending audio frame, timestamp: 3552
string(39) "复制流发送数据到其他的进程"
[2026-06-28 08:24:17] INFO Sending video frame, timestamp: 3556
string(39) "复制流发送数据到其他的进程"
[2026-06-28 08:24:17] INFO Sending audio frame, timestamp: 3576
string(39) "复制流发送数据到其他的进程"
[2026-06-28 08:24:17] INFO Sending video frame, timestamp: 3590
string(39) "复制流发送数据到其他的进程"
[2026-06-28 08:24:17] INFO Sending audio frame, timestamp: 3599
string(39) "复制流发送数据到其他的进程"
[2026-06-28 08:24:17] INFO Sending audio frame, timestamp: 3622
string(39) "复制流发送数据到其他的进程"
[2026-06-28 08:24:17] INFO Sending video frame, timestamp: 3623
string(39) "复制流发送数据到其他的进程"
[2026-06-28 08:24:17] INFO Sending audio frame, timestamp: 3645
string(39) "复制流发送数据到其他的进程"
[2026-06-28 08:24:17] INFO Sending video frame, timestamp: 3656
string(39) "复制流发送数据到其他的进程"
[2026-06-28 08:24:18] INFO Sending audio frame, timestamp: 3669
string(39) "复制流发送数据到其他的进程"
[2026-06-28 08:24:18] INFO Sending video frame, timestamp: 3690
string(39) "复制流发送数据到其他的进程"
[2026-06-28 08:24:18] INFO Sending audio frame, timestamp: 3692
string(39) "复制流发送数据到其他的进程"
[2026-06-28 08:24:18] INFO Sending audio frame, timestamp: 3715
string(39) "复制流发送数据到其他的进程"
[2026-06-28 08:24:18] INFO Sending video frame, timestamp: 3723
string(39) "复制流发送数据到其他的进程"
[2026-06-28 08:24:18] INFO Sending audio frame, timestamp: 3738
string(39) "复制流发送数据到其他的进程"
[2026-06-28 08:24:18] INFO Sending video frame, timestamp: 3756
string(39) "复制流发送数据到其他的进程"
[2026-06-28 08:24:18] INFO Sending audio frame, timestamp: 3761
string(39) "复制流发送数据到其他的进程"
[2026-06-28 08:24:18] INFO Sending audio frame, timestamp: 3785
string(39) "复制流发送数据到其他的进程"
[2026-06-28 08:24:18] INFO Sending video frame, timestamp: 3790
string(39) "复制流发送数据到其他的进程"
[2026-06-28 08:24:18] INFO Sending audio frame, timestamp: 3808
string(39) "复制流发送数据到其他的进程"
[2026-06-28 08:24:18] INFO Sending video frame, timestamp: 3823
string(39) "复制流发送数据到其他的进程"
[2026-06-28 08:24:18] INFO Sending audio frame, timestamp: 3831
string(39) "复制流发送数据到其他的进程"
[2026-06-28 08:24:18] INFO Sending audio frame, timestamp: 3854
string(39) "复制流发送数据到其他的进程"
[2026-06-28 08:24:18] INFO Sending video frame, timestamp: 3856
string(39) "复制流发送数据到其他的进程"
[2026-06-28 08:24:18] INFO Sending audio frame, timestamp: 3878
string(39) "复制流发送数据到其他的进程"
[2026-06-28 08:24:18] INFO Sending video frame, timestamp: 3890
string(39) "复制流发送数据到其他的进程"
[2026-06-28 08:24:18] INFO Sending audio frame, timestamp: 3901
string(39) "复制流发送数据到其他的进程"
[2026-06-28 08:24:18] INFO Sending video frame, timestamp: 3923
string(39) "复制流发送数据到其他的进程"
[2026-06-28 08:24:18] INFO Sending audio frame, timestamp: 3924
string(39) "复制流发送数据到其他的进程"
[2026-06-28 08:24:18] INFO Sending audio frame, timestamp: 3947
string(39) "复制流发送数据到其他的进程"
[2026-06-28 08:24:18] INFO Sending video frame, timestamp: 3956
string(39) "复制流发送数据到其他的进程"
[2026-06-28 08:24:18] INFO Sending audio frame, timestamp: 3970
string(39) "复制流发送数据到其他的进程"
[2026-06-28 08:24:18] INFO Sending video frame, timestamp: 3990
string(39) "复制流发送数据到其他的进程"
[2026-06-28 08:24:18] INFO Sending audio frame, timestamp: 3994
string(39) "复制流发送数据到其他的进程"
[2026-06-28 08:24:18] INFO Sending audio frame, timestamp: 4017
string(39) "复制流发送数据到其他的进程"
[2026-06-28 08:24:18] INFO Sending video frame, timestamp: 4023
string(39) "复制流发送数据到其他的进程"
[2026-06-28 08:24:18] INFO Sending audio frame, timestamp: 4040
string(39) "复制流发送数据到其他的进程"
[2026-06-28 08:24:18] INFO Sending video frame, timestamp: 4056
string(39) "复制流发送数据到其他的进程"
[2026-06-28 08:24:18] INFO Sending audio frame, timestamp: 4063
string(39) "复制流发送数据到其他的进程"
[2026-06-28 08:24:18] INFO Sending audio frame, timestamp: 4086
string(39) "复制流发送数据到其他的进程"
[2026-06-28 08:24:18] INFO Sending video frame, timestamp: 4090
string(39) "复制流发送数据到其他的进程"
[2026-06-28 08:24:18] INFO Sending audio frame, timestamp: 4110
string(39) "复制流发送数据到其他的进程"
[2026-06-28 08:24:18] INFO Sending video frame, timestamp: 4123
string(39) "复制流发送数据到其他的进程"
[2026-06-28 08:24:18] INFO Sending audio frame, timestamp: 4133
string(39) "复制流发送数据到其他的进程"
[2026-06-28 08:24:18] INFO Sending video frame, timestamp: 4156
string(39) "复制流发送数据到其他的进程"
[2026-06-28 08:24:18] INFO Sending audio frame, timestamp: 4156
string(39) "复制流发送数据到其他的进程"
[2026-06-28 08:24:18] INFO Sending audio frame, timestamp: 4179
string(39) "复制流发送数据到其他的进程"
[2026-06-28 08:24:18] INFO Sending video frame, timestamp: 4190
string(39) "复制流发送数据到其他的进程"
[2026-06-28 08:24:18] INFO Sending audio frame, timestamp: 4203
string(39) "复制流发送数据到其他的进程"
[2026-06-28 08:24:18] INFO Sending video frame, timestamp: 4223
string(39) "复制流发送数据到其他的进程"
[2026-06-28 08:24:18] INFO Sending audio frame, timestamp: 4226
string(39) "复制流发送数据到其他的进程"
[2026-06-28 08:24:18] INFO Sending audio frame, timestamp: 4249
string(39) "复制流发送数据到其他的进程"
[2026-06-28 08:24:18] INFO Sending video frame, timestamp: 4256
string(39) "复制流发送数据到其他的进程"
[2026-06-28 08:24:18] INFO Sending audio frame, timestamp: 4272
string(39) "复制流发送数据到其他的进程"
[2026-06-28 08:24:18] INFO Sending video frame, timestamp: 4290
string(39) "复制流发送数据到其他的进程"
[2026-06-28 08:24:18] INFO Sending audio frame, timestamp: 4295
string(39) "复制流发送数据到其他的进程"
[2026-06-28 08:24:18] INFO Sending audio frame, timestamp: 4319
string(39) "复制流发送数据到其他的进程"
[2026-06-28 08:24:18] INFO Sending video frame, timestamp: 4323
string(39) "复制流发送数据到其他的进程"
[2026-06-28 08:24:18] INFO Sending audio frame, timestamp: 4342
string(39) "复制流发送数据到其他的进程"
[2026-06-28 08:24:18] INFO Sending video frame, timestamp: 4356
string(39) "复制流发送数据到其他的进程"
[2026-06-28 08:24:18] INFO Sending audio frame, timestamp: 4365
string(39) "复制流发送数据到其他的进程"
[2026-06-28 08:24:18] INFO Sending audio frame, timestamp: 4388
string(39) "复制流发送数据到其他的进程"
[2026-06-28 08:24:18] INFO Sending video frame, timestamp: 4390
string(39) "复制流发送数据到其他的进程"
[2026-06-28 08:24:18] INFO Sending audio frame, timestamp: 4412
string(39) "复制流发送数据到其他的进程"
[2026-06-28 08:24:18] INFO Sending video frame, timestamp: 4423
string(39) "复制流发送数据到其他的进程"
[2026-06-28 08:24:18] INFO Sending audio frame, timestamp: 4435
string(39) "复制流发送数据到其他的进程"
[2026-06-28 08:24:18] INFO Sending video frame, timestamp: 4456
string(39) "复制流发送数据到其他的进程"
[2026-06-28 08:24:18] INFO Sending audio frame, timestamp: 4458
string(39) "复制流发送数据到其他的进程"
[2026-06-28 08:24:18] INFO Sending audio frame, timestamp: 4481
string(39) "复制流发送数据到其他的进程"
[2026-06-28 08:24:18] INFO Sending video frame, timestamp: 4490
string(39) "复制流发送数据到其他的进程"
[2026-06-28 08:24:18] INFO Sending audio frame, timestamp: 4504
string(39) "复制流发送数据到其他的进程"
[2026-06-28 08:24:18] INFO Sending video frame, timestamp: 4523
string(39) "复制流发送数据到其他的进程"
[2026-06-28 08:24:18] INFO Sending audio frame, timestamp: 4528
string(39) "复制流发送数据到其他的进程"
[2026-06-28 08:24:18] INFO Sending audio frame, timestamp: 4551
string(39) "复制流发送数据到其他的进程"
[2026-06-28 08:24:18] INFO Sending video frame, timestamp: 4556
string(39) "复制流发送数据到其他的进程"
[2026-06-28 08:24:18] INFO Sending audio frame, timestamp: 4574
string(39) "复制流发送数据到其他的进程"
[2026-06-28 08:24:18] INFO Sending video frame, timestamp: 4590
string(39) "复制流发送数据到其他的进程"
[2026-06-28 08:24:18] INFO Sending audio frame, timestamp: 4597
string(39) "复制流发送数据到其他的进程"
[2026-06-28 08:24:18] INFO Sending audio frame, timestamp: 4621
string(39) "复制流发送数据到其他的进程"
[2026-06-28 08:24:18] INFO Sending video frame, timestamp: 4623
string(39) "复制流发送数据到其他的进程"
[2026-06-28 08:24:18] INFO Sending audio frame, timestamp: 4644
string(39) "复制流发送数据到其他的进程"
[2026-06-28 08:24:18] INFO Sending video frame, timestamp: 4656
string(39) "复制流发送数据到其他的进程"
[2026-06-28 08:24:19] INFO Sending audio frame, timestamp: 4667
string(39) "复制流发送数据到其他的进程"
[2026-06-28 08:24:19] INFO Sending video frame, timestamp: 4690
string(39) "复制流发送数据到其他的进程"
[2026-06-28 08:24:19] INFO Sending audio frame, timestamp: 4690
string(39) "复制流发送数据到其他的进程"
[2026-06-28 08:24:19] INFO Sending audio frame, timestamp: 4713
string(39) "复制流发送数据到其他的进程"
[2026-06-28 08:24:19] INFO Sending video frame, timestamp: 4723
string(39) "复制流发送数据到其他的进程"
[2026-06-28 08:24:19] INFO Sending audio frame, timestamp: 4737
string(39) "复制流发送数据到其他的进程"
[2026-06-28 08:24:19] INFO Sending video frame, timestamp: 4756
string(39) "复制流发送数据到其他的进程"
[2026-06-28 08:24:19] INFO Sending audio frame, timestamp: 4760
string(39) "复制流发送数据到其他的进程"
[2026-06-28 08:24:19] INFO Sending audio frame, timestamp: 4783
string(39) "复制流发送数据到其他的进程"
[2026-06-28 08:24:19] INFO Sending video frame, timestamp: 4790
string(39) "复制流发送数据到其他的进程"
[2026-06-28 08:24:19] INFO Sending audio frame, timestamp: 4806
string(39) "复制流发送数据到其他的进程"
[2026-06-28 08:24:19] INFO Sending video frame, timestamp: 4823
string(39) "复制流发送数据到其他的进程"
[2026-06-28 08:24:19] INFO Sending audio frame, timestamp: 4830
string(39) "复制流发送数据到其他的进程"
[2026-06-28 08:24:19] INFO Sending audio frame, timestamp: 4853
string(39) "复制流发送数据到其他的进程"
[2026-06-28 08:24:19] INFO Sending video frame, timestamp: 4856
string(39) "复制流发送数据到其他的进程"
[2026-06-28 08:24:19] INFO Sending audio frame, timestamp: 4876
string(39) "复制流发送数据到其他的进程"
[2026-06-28 08:24:19] INFO Sending video frame, timestamp: 4890
string(39) "复制流发送数据到其他的进程"
[2026-06-28 08:24:19] INFO Sending audio frame, timestamp: 4899
string(39) "复制流发送数据到其他的进程"
[2026-06-28 08:24:19] INFO Sending audio frame, timestamp: 4922
string(39) "复制流发送数据到其他的进程"
[2026-06-28 08:24:19] INFO Sending video frame, timestamp: 4923
string(39) "复制流发送数据到其他的进程"
[2026-06-28 08:24:19] INFO Sending audio frame, timestamp: 4946
string(39) "复制流发送数据到其他的进程"
[2026-06-28 08:24:19] INFO Sending video frame, timestamp: 4956
string(39) "复制流发送数据到其他的进程"
[2026-06-28 08:24:19] INFO Sending audio frame, timestamp: 4969
string(39) "复制流发送数据到其他的进程"
[2026-06-28 08:24:19] INFO Sending video frame, timestamp: 4990
string(39) "复制流发送数据到其他的进程"
[2026-06-28 08:24:19] INFO Sending audio frame, timestamp: 4992
string(39) "复制流发送数据到其他的进程"
[2026-06-28 08:24:19] INFO Sending audio frame, timestamp: 5015
string(39) "复制流发送数据到其他的进程"
[2026-06-28 08:24:19] INFO Sending video frame, timestamp: 5023
string(39) "复制流发送数据到其他的进程"
[2026-06-28 08:24:19] INFO Sending audio frame, timestamp: 5039
string(39) "复制流发送数据到其他的进程"
[2026-06-28 08:24:19] INFO Sending video frame, timestamp: 5056
string(39) "复制流发送数据到其他的进程"
[2026-06-28 08:24:19] INFO Sending audio frame, timestamp: 5062
string(39) "复制流发送数据到其他的进程"
[2026-06-28 08:24:19] INFO Sending audio frame, timestamp: 5085
string(39) "复制流发送数据到其他的进程"
[2026-06-28 08:24:19] INFO Sending video frame, timestamp: 5090
string(39) "复制流发送数据到其他的进程"
[2026-06-28 08:24:19] INFO Sending audio frame, timestamp: 5108
string(39) "复制流发送数据到其他的进程"
[2026-06-28 08:24:19] INFO Sending video frame, timestamp: 5123
string(39) "复制流发送数据到其他的进程"
[2026-06-28 08:24:19] INFO Sending audio frame, timestamp: 5131
string(39) "复制流发送数据到其他的进程"
[2026-06-28 08:24:19] INFO Sending audio frame, timestamp: 5155
string(39) "复制流发送数据到其他的进程"
[2026-06-28 08:24:19] INFO Sending video frame, timestamp: 5156
string(39) "复制流发送数据到其他的进程"
[2026-06-28 08:24:19] INFO Sending audio frame, timestamp: 5178
string(39) "复制流发送数据到其他的进程"
[2026-06-28 08:24:19] INFO Sending video frame, timestamp: 5190
string(39) "复制流发送数据到其他的进程"
[2026-06-28 08:24:19] INFO Sending audio frame, timestamp: 5201
string(39) "复制流发送数据到其他的进程"
[2026-06-28 08:24:19] INFO Sending video frame, timestamp: 5223
string(39) "复制流发送数据到其他的进程"
[2026-06-28 08:24:19] INFO Sending audio frame, timestamp: 5224
string(39) "复制流发送数据到其他的进程"
[2026-06-28 08:24:19] INFO Sending audio frame, timestamp: 5247
string(39) "复制流发送数据到其他的进程"
[2026-06-28 08:24:19] INFO Sending video frame, timestamp: 5256
string(39) "复制流发送数据到其他的进程"
[2026-06-28 08:24:19] INFO Sending audio frame, timestamp: 5271
string(39) "复制流发送数据到其他的进程"
[2026-06-28 08:24:19] INFO Sending video frame, timestamp: 5290
string(39) "复制流发送数据到其他的进程"
[2026-06-28 08:24:19] INFO Sending audio frame, timestamp: 5294
string(39) "复制流发送数据到其他的进程"
[2026-06-28 08:24:19] INFO Sending audio frame, timestamp: 5317
string(39) "复制流发送数据到其他的进程"
[2026-06-28 08:24:19] INFO Sending video frame, timestamp: 5323
string(39) "复制流发送数据到其他的进程"
[2026-06-28 08:24:19] INFO Sending audio frame, timestamp: 5340
string(39) "复制流发送数据到其他的进程"
[2026-06-28 08:24:19] INFO Sending video frame, timestamp: 5356
string(39) "复制流发送数据到其他的进程"
[2026-06-28 08:24:19] INFO Sending audio frame, timestamp: 5364
string(39) "复制流发送数据到其他的进程"
[2026-06-28 08:24:19] INFO Sending audio frame, timestamp: 5387
string(39) "复制流发送数据到其他的进程"
[2026-06-28 08:24:19] INFO Sending video frame, timestamp: 5390
string(39) "复制流发送数据到其他的进程"
[2026-06-28 08:24:19] INFO Sending audio frame, timestamp: 5410
string(39) "复制流发送数据到其他的进程"
[2026-06-28 08:24:19] INFO Sending video frame, timestamp: 5423
string(39) "复制流发送数据到其他的进程"
[2026-06-28 08:24:19] INFO Sending audio frame, timestamp: 5433
string(39) "复制流发送数据到其他的进程"
[2026-06-28 08:24:19] INFO Sending video frame, timestamp: 5456
string(39) "复制流发送数据到其他的进程"
[2026-06-28 08:24:19] INFO Sending audio frame, timestamp: 5456
string(39) "复制流发送数据到其他的进程"
[2026-06-28 08:24:19] INFO Sending audio frame, timestamp: 5480
string(39) "复制流发送数据到其他的进程"
[2026-06-28 08:24:19] INFO Sending video frame, timestamp: 5490
string(39) "复制流发送数据到其他的进程"
[2026-06-28 08:24:19] INFO Sending audio frame, timestamp: 5503
string(39) "复制流发送数据到其他的进程"
[2026-06-28 08:24:19] INFO Sending video frame, timestamp: 5523
string(39) "复制流发送数据到其他的进程"
[2026-06-28 08:24:19] INFO Sending audio frame, timestamp: 5526
string(39) "复制流发送数据到其他的进程"
[2026-06-28 08:24:19] INFO Sending audio frame, timestamp: 5549
string(39) "复制流发送数据到其他的进程"
[2026-06-28 08:24:19] INFO Sending video frame, timestamp: 5556
string(39) "复制流发送数据到其他的进程"
[2026-06-28 08:24:19] INFO Sending audio frame, timestamp: 5573
string(39) "复制流发送数据到其他的进程"
[2026-06-28 08:24:19] INFO Sending video frame, timestamp: 5590
string(39) "复制流发送数据到其他的进程"
[2026-06-28 08:24:19] INFO Sending audio frame, timestamp: 5596
string(39) "复制流发送数据到其他的进程"
[2026-06-28 08:24:19] INFO Sending audio frame, timestamp: 5619
string(39) "复制流发送数据到其他的进程"
[2026-06-28 08:24:19] INFO Sending video frame, timestamp: 5623
string(39) "复制流发送数据到其他的进程"
[2026-06-28 08:24:19] INFO Sending audio frame, timestamp: 5642
string(39) "复制流发送数据到其他的进程"
[2026-06-28 08:24:19] INFO Sending video frame, timestamp: 5656
string(39) "复制流发送数据到其他的进程"
[2026-06-28 08:24:20] INFO Sending audio frame, timestamp: 5665
string(39) "复制流发送数据到其他的进程"
[2026-06-28 08:24:20] INFO Sending audio frame, timestamp: 5689
string(39) "复制流发送数据到其他的进程"
[2026-06-28 08:24:20] INFO Sending video frame, timestamp: 5690
string(39) "复制流发送数据到其他的进程"
[2026-06-28 08:24:20] INFO Sending audio frame, timestamp: 5712
string(39) "复制流发送数据到其他的进程"
[2026-06-28 08:24:20] INFO Sending video frame, timestamp: 5723
string(39) "复制流发送数据到其他的进程"
[2026-06-28 08:24:20] INFO Sending audio frame, timestamp: 5735
string(39) "复制流发送数据到其他的进程"
[2026-06-28 08:24:20] INFO Sending video frame, timestamp: 5756
string(39) "复制流发送数据到其他的进程"
[2026-06-28 08:24:20] INFO Sending audio frame, timestamp: 5758
string(39) "复制流发送数据到其他的进程"
[2026-06-28 08:24:20] INFO Sending audio frame, timestamp: 5782
string(39) "复制流发送数据到其他的进程"
[2026-06-28 08:24:20] INFO Sending video frame, timestamp: 5790
string(39) "复制流发送数据到其他的进程"
[2026-06-28 08:24:20] INFO Sending audio frame, timestamp: 5805
string(39) "复制流发送数据到其他的进程"
[2026-06-28 08:24:20] INFO Sending video frame, timestamp: 5823
string(39) "复制流发送数据到其他的进程"
[2026-06-28 08:24:20] INFO Sending audio frame, timestamp: 5828
string(39) "复制流发送数据到其他的进程"
[2026-06-28 08:24:20] INFO Sending audio frame, timestamp: 5851
string(39) "复制流发送数据到其他的进程"
[2026-06-28 08:24:20] INFO Sending video frame, timestamp: 5856
string(39) "复制流发送数据到其他的进程"
[2026-06-28 08:24:20] INFO Sending audio frame, timestamp: 5874
string(39) "复制流发送数据到其他的进程"
[2026-06-28 08:24:20] INFO Sending video frame, timestamp: 5890
string(39) "复制流发送数据到其他的进程"
[2026-06-28 08:24:20] INFO Sending audio frame, timestamp: 5898
string(39) "复制流发送数据到其他的进程"
[2026-06-28 08:24:20] INFO Sending audio frame, timestamp: 5921
string(39) "复制流发送数据到其他的进程"
[2026-06-28 08:24:20] INFO Sending video frame, timestamp: 5923
string(39) "复制流发送数据到其他的进程"
[2026-06-28 08:24:20] INFO Sending audio frame, timestamp: 5944
string(39) "复制流发送数据到其他的进程"
[2026-06-28 08:24:20] INFO Sending video frame, timestamp: 5956
string(39) "复制流发送数据到其他的进程"
[2026-06-28 08:24:20] INFO Sending audio frame, timestamp: 5967
string(39) "复制流发送数据到其他的进程"
[2026-06-28 08:24:20] INFO Sending video frame, timestamp: 5990
string(39) "复制流发送数据到其他的进程"
[2026-06-28 08:24:20] INFO Sending audio frame, timestamp: 5991
string(39) "复制流发送数据到其他的进程"
[2026-06-28 08:24:20] INFO Sending audio frame, timestamp: 6014
string(39) "复制流发送数据到其他的进程"
[2026-06-28 08:24:20] INFO Sending video frame, timestamp: 6023
string(39) "复制流发送数据到其他的进程"
[2026-06-28 08:24:20] INFO Sending audio frame, timestamp: 6037
string(39) "复制流发送数据到其他的进程"
[2026-06-28 08:24:20] INFO Sending video frame, timestamp: 6056
string(39) "复制流发送数据到其他的进程"
[2026-06-28 08:24:20] INFO Sending audio frame, timestamp: 6060
string(39) "复制流发送数据到其他的进程"
[2026-06-28 08:24:20] INFO Sending audio frame, timestamp: 6083
string(39) "复制流发送数据到其他的进程"
[2026-06-28 08:24:20] INFO Sending video frame, timestamp: 6090
string(39) "复制流发送数据到其他的进程"
[2026-06-28 08:24:20] INFO Sending audio frame, timestamp: 6107
string(39) "复制流发送数据到其他的进程"
[2026-06-28 08:24:20] INFO Sending video frame, timestamp: 6123
string(39) "复制流发送数据到其他的进程"
[2026-06-28 08:24:20] INFO Sending audio frame, timestamp: 6130
string(39) "复制流发送数据到其他的进程"
[2026-06-28 08:24:20] INFO Sending audio frame, timestamp: 6153
string(39) "复制流发送数据到其他的进程"
[2026-06-28 08:24:20] INFO Sending video frame, timestamp: 6156
string(39) "复制流发送数据到其他的进程"
[2026-06-28 08:24:20] INFO Sending audio frame, timestamp: 6176
string(39) "复制流发送数据到其他的进程"
[2026-06-28 08:24:20] INFO Sending video frame, timestamp: 6190
string(39) "复制流发送数据到其他的进程"
[2026-06-28 08:24:20] INFO Sending audio frame, timestamp: 6200
string(39) "复制流发送数据到其他的进程"
[2026-06-28 08:24:20] INFO Sending video frame, timestamp: 6223
string(39) "复制流发送数据到其他的进程"
[2026-06-28 08:24:20] INFO Sending audio frame, timestamp: 6223
string(39) "复制流发送数据到其他的进程"
[2026-06-28 08:24:20] INFO Sending video frame, timestamp: 6256
string(39) "复制流发送数据到其他的进程"
[2026-06-28 08:24:20] INFO Sending audio frame, timestamp: 6269
string(39) "复制流发送数据到其他的进程"
[2026-06-28 08:24:20] INFO Sending video frame, timestamp: 6290
string(39) "复制流发送数据到其他的进程"
[2026-06-28 08:24:20] INFO Sending audio frame, timestamp: 6292
string(39) "复制流发送数据到其他的进程"
[2026-06-28 08:24:20] INFO Sending audio frame, timestamp: 6316
string(39) "复制流发送数据到其他的进程"
[2026-06-28 08:24:20] INFO Sending video frame, timestamp: 6323
string(39) "复制流发送数据到其他的进程"
[2026-06-28 08:24:20] INFO Sending audio frame, timestamp: 6339
string(39) "复制流发送数据到其他的进程"
[2026-06-28 08:24:20] INFO Sending video frame, timestamp: 6356
string(39) "复制流发送数据到其他的进程"
[2026-06-28 08:24:20] INFO Sending audio frame, timestamp: 6362
string(39) "复制流发送数据到其他的进程"
[2026-06-28 08:24:20] INFO Sending audio frame, timestamp: 6385
string(39) "复制流发送数据到其他的进程"
[2026-06-28 08:24:20] INFO Sending video frame, timestamp: 6390
string(39) "复制流发送数据到其他的进程"
[2026-06-28 08:24:20] INFO Sending audio frame, timestamp: 6408
string(39) "复制流发送数据到其他的进程"
[2026-06-28 08:24:20] INFO Sending video frame, timestamp: 6423
string(39) "复制流发送数据到其他的进程"
[2026-06-28 08:24:20] INFO Sending audio frame, timestamp: 6432
string(39) "复制流发送数据到其他的进程"
[2026-06-28 08:24:20] INFO Sending audio frame, timestamp: 6455
string(39) "复制流发送数据到其他的进程"
[2026-06-28 08:24:20] INFO Sending video frame, timestamp: 6456
string(39) "复制流发送数据到其他的进程"
[2026-06-28 08:24:20] INFO Sending audio frame, timestamp: 6478
string(39) "复制流发送数据到其他的进程"
[2026-06-28 08:24:20] INFO Sending video frame, timestamp: 6490
string(39) "复制流发送数据到其他的进程"
[2026-06-28 08:24:20] INFO Sending audio frame, timestamp: 6501
string(39) "复制流发送数据到其他的进程"
[2026-06-28 08:24:20] INFO Sending video frame, timestamp: 6523
string(39) "复制流发送数据到其他的进程"
[2026-06-28 08:24:20] INFO Sending audio frame, timestamp: 6525
string(39) "复制流发送数据到其他的进程"
[2026-06-28 08:24:20] INFO Sending audio frame, timestamp: 6548
string(39) "复制流发送数据到其他的进程"
[2026-06-28 08:24:20] INFO Sending video frame, timestamp: 6556
string(39) "复制流发送数据到其他的进程"
[2026-06-28 08:24:20] INFO Sending audio frame, timestamp: 6571
string(39) "复制流发送数据到其他的进程"
[2026-06-28 08:24:20] INFO Sending video frame, timestamp: 6590
string(39) "复制流发送数据到其他的进程"
[2026-06-28 08:24:20] INFO Sending audio frame, timestamp: 6594
string(39) "复制流发送数据到其他的进程"
[2026-06-28 08:24:20] INFO Sending audio frame, timestamp: 6617
string(39) "复制流发送数据到其他的进程"
[2026-06-28 08:24:20] INFO Sending video frame, timestamp: 6623
string(39) "复制流发送数据到其他的进程"
[2026-06-28 08:24:20] INFO Sending audio frame, timestamp: 6641
string(39) "复制流发送数据到其他的进程"
[2026-06-28 08:24:20] INFO Sending video frame, timestamp: 6656
string(39) "复制流发送数据到其他的进程"
[2026-06-28 08:24:21] INFO Sending audio frame, timestamp: 6664
string(39) "复制流发送数据到其他的进程"
[2026-06-28 08:24:21] INFO Sending audio frame, timestamp: 6687
string(39) "复制流发送数据到其他的进程"
[2026-06-28 08:24:21] INFO Sending video frame, timestamp: 6690
string(39) "复制流发送数据到其他的进程"
[2026-06-28 08:24:21] INFO Sending audio frame, timestamp: 6710
string(39) "复制流发送数据到其他的进程"
[2026-06-28 08:24:21] INFO Sending video frame, timestamp: 6723
string(39) "复制流发送数据到其他的进程"
[2026-06-28 08:24:21] INFO Sending audio frame, timestamp: 6734
string(39) "复制流发送数据到其他的进程"
[2026-06-28 08:24:21] INFO Sending video frame, timestamp: 6756
string(39) "复制流发送数据到其他的进程"
[2026-06-28 08:24:21] INFO Sending audio frame, timestamp: 6757
string(39) "复制流发送数据到其他的进程"
[2026-06-28 08:24:21] INFO Sending audio frame, timestamp: 6780
string(39) "复制流发送数据到其他的进程"
[2026-06-28 08:24:21] INFO Sending video frame, timestamp: 6790
string(39) "复制流发送数据到其他的进程"
[2026-06-28 08:24:21] INFO Sending audio frame, timestamp: 6803
string(39) "复制流发送数据到其他的进程"
[2026-06-28 08:24:21] INFO Sending video frame, timestamp: 6823
string(39) "复制流发送数据到其他的进程"
[2026-06-28 08:24:21] INFO Sending audio frame, timestamp: 6826
string(39) "复制流发送数据到其他的进程"
[2026-06-28 08:24:21] INFO Sending video frame, timestamp: 6856
string(39) "复制流发送数据到其他的进程"
[2026-06-28 08:24:21] INFO Sending audio frame, timestamp: 6873
string(39) "复制流发送数据到其他的进程"
[2026-06-28 08:24:21] INFO Sending video frame, timestamp: 6890
string(39) "复制流发送数据到其他的进程"
[2026-06-28 08:24:21] INFO Sending audio frame, timestamp: 6896
string(39) "复制流发送数据到其他的进程"
[2026-06-28 08:24:21] INFO Sending audio frame, timestamp: 6919
string(39) "复制流发送数据到其他的进程"
[2026-06-28 08:24:21] INFO Sending video frame, timestamp: 6923
string(39) "复制流发送数据到其他的进程"
[2026-06-28 08:24:21] INFO Sending audio frame, timestamp: 6943
string(39) "复制流发送数据到其他的进程"
[2026-06-28 08:24:21] INFO Sending video frame, timestamp: 6956
string(39) "复制流发送数据到其他的进程"
[2026-06-28 08:24:21] INFO Sending audio frame, timestamp: 6966
string(39) "复制流发送数据到其他的进程"
[2026-06-28 08:24:21] INFO Sending audio frame, timestamp: 6989
string(39) "复制流发送数据到其他的进程"
[2026-06-28 08:24:21] INFO Sending video frame, timestamp: 6990
string(39) "复制流发送数据到其他的进程"
[2026-06-28 08:24:21] INFO Sending audio frame, timestamp: 7012
string(39) "复制流发送数据到其他的进程"
[2026-06-28 08:24:21] INFO Sending video frame, timestamp: 7023
string(39) "复制流发送数据到其他的进程"
[2026-06-28 08:24:21] INFO Sending audio frame, timestamp: 7035
string(39) "复制流发送数据到其他的进程"
[2026-06-28 08:24:21] INFO Sending video frame, timestamp: 7056
string(39) "复制流发送数据到其他的进程"
[2026-06-28 08:24:21] INFO Sending audio frame, timestamp: 7059
string(39) "复制流发送数据到其他的进程"
[2026-06-28 08:24:21] INFO Sending audio frame, timestamp: 7082
string(39) "复制流发送数据到其他的进程"
[2026-06-28 08:24:21] INFO Sending video frame, timestamp: 7090
string(39) "复制流发送数据到其他的进程"
[2026-06-28 08:24:21] INFO Sending audio frame, timestamp: 7105
string(39) "复制流发送数据到其他的进程"
[2026-06-28 08:24:21] INFO Sending video frame, timestamp: 7123
string(39) "复制流发送数据到其他的进程"
[2026-06-28 08:24:21] INFO Sending audio frame, timestamp: 7128
string(39) "复制流发送数据到其他的进程"
[2026-06-28 08:24:21] INFO Sending audio frame, timestamp: 7152
string(39) "复制流发送数据到其他的进程"
[2026-06-28 08:24:21] INFO Sending video frame, timestamp: 7156
string(39) "复制流发送数据到其他的进程"
[2026-06-28 08:24:21] INFO Sending audio frame, timestamp: 7175
string(39) "复制流发送数据到其他的进程"
[2026-06-28 08:24:21] INFO Sending video frame, timestamp: 7190
string(39) "复制流发送数据到其他的进程"
[2026-06-28 08:24:21] INFO Sending audio frame, timestamp: 7198
string(39) "复制流发送数据到其他的进程"
[2026-06-28 08:24:21] INFO Sending audio frame, timestamp: 7221
string(39) "复制流发送数据到其他的进程"
[2026-06-28 08:24:21] INFO Sending video frame, timestamp: 7223
string(39) "复制流发送数据到其他的进程"
[2026-06-28 08:24:21] INFO Sending audio frame, timestamp: 7244
string(39) "复制流发送数据到其他的进程"
[2026-06-28 08:24:21] INFO Sending video frame, timestamp: 7256
string(39) "复制流发送数据到其他的进程"
[2026-06-28 08:24:21] INFO Sending audio frame, timestamp: 7268
string(39) "复制流发送数据到其他的进程"
[2026-06-28 08:24:21] INFO Sending video frame, timestamp: 7290
string(39) "复制流发送数据到其他的进程"
[2026-06-28 08:24:21] INFO Sending audio frame, timestamp: 7291
string(39) "复制流发送数据到其他的进程"
[2026-06-28 08:24:21] INFO Sending audio frame, timestamp: 7314
string(39) "复制流发送数据到其他的进程"
[2026-06-28 08:24:21] INFO Sending video frame, timestamp: 7323
string(39) "复制流发送数据到其他的进程"
[2026-06-28 08:24:21] INFO Sending audio frame, timestamp: 7337
string(39) "复制流发送数据到其他的进程"
[2026-06-28 08:24:21] INFO Sending video frame, timestamp: 7356
string(39) "复制流发送数据到其他的进程"
[2026-06-28 08:24:21] INFO Sending audio frame, timestamp: 7361
string(39) "复制流发送数据到其他的进程"
[2026-06-28 08:24:21] INFO Sending audio frame, timestamp: 7384
string(39) "复制流发送数据到其他的进程"
[2026-06-28 08:24:21] INFO Sending video frame, timestamp: 7390
string(39) "复制流发送数据到其他的进程"
[2026-06-28 08:24:21] INFO Sending audio frame, timestamp: 7407
string(39) "复制流发送数据到其他的进程"
[2026-06-28 08:24:21] INFO Sending video frame, timestamp: 7423
string(39) "复制流发送数据到其他的进程"
[2026-06-28 08:24:21] INFO Sending audio frame, timestamp: 7430
string(39) "复制流发送数据到其他的进程"
[2026-06-28 08:24:21] INFO Sending audio frame, timestamp: 7453
string(39) "复制流发送数据到其他的进程"
[2026-06-28 08:24:21] INFO Sending video frame, timestamp: 7456
string(39) "复制流发送数据到其他的进程"
[2026-06-28 08:24:21] INFO Sending audio frame, timestamp: 7477
string(39) "复制流发送数据到其他的进程"
[2026-06-28 08:24:21] INFO Sending video frame, timestamp: 7490
string(39) "复制流发送数据到其他的进程"
[2026-06-28 08:24:21] INFO Sending audio frame, timestamp: 7500
string(39) "复制流发送数据到其他的进程"
[2026-06-28 08:24:21] INFO Sending video frame, timestamp: 7523
string(39) "复制流发送数据到其他的进程"
[2026-06-28 08:24:21] INFO Sending audio frame, timestamp: 7523
string(39) "复制流发送数据到其他的进程"
[2026-06-28 08:24:21] INFO Sending audio frame, timestamp: 7546
string(39) "复制流发送数据到其他的进程"
[2026-06-28 08:24:21] INFO Sending video frame, timestamp: 7556
string(39) "复制流发送数据到其他的进程"
[2026-06-28 08:24:21] INFO Sending audio frame, timestamp: 7569
string(39) "复制流发送数据到其他的进程"
[2026-06-28 08:24:21] INFO Sending video frame, timestamp: 7590
string(39) "复制流发送数据到其他的进程"
[2026-06-28 08:24:21] INFO Sending audio frame, timestamp: 7593
string(39) "复制流发送数据到其他的进程"
[2026-06-28 08:24:21] INFO Sending audio frame, timestamp: 7616
string(39) "复制流发送数据到其他的进程"
[2026-06-28 08:24:21] INFO Sending video frame, timestamp: 7623
string(39) "复制流发送数据到其他的进程"
[2026-06-28 08:24:21] INFO Sending audio frame, timestamp: 7639
string(39) "复制流发送数据到其他的进程"
[2026-06-28 08:24:21] INFO Sending video frame, timestamp: 7656
string(39) "复制流发送数据到其他的进程"
[2026-06-28 08:24:21] INFO Sending audio frame, timestamp: 7662
string(39) "复制流发送数据到其他的进程"
[2026-06-28 08:24:21] INFO Sending audio frame, timestamp: 7686
string(39) "复制流发送数据到其他的进程"
[2026-06-28 08:24:21] INFO Sending video frame, timestamp: 7690
string(39) "复制流发送数据到其他的进程"
[2026-06-28 08:24:21] INFO Sending audio frame, timestamp: 7709
string(39) "复制流发送数据到其他的进程"
[2026-06-28 08:24:21] INFO Sending video frame, timestamp: 7723
string(39) "复制流发送数据到其他的进程"
[2026-06-28 08:24:21] INFO Sending audio frame, timestamp: 7732
string(39) "复制流发送数据到其他的进程"
[2026-06-28 08:24:21] INFO Sending audio frame, timestamp: 7755
string(39) "复制流发送数据到其他的进程"
[2026-06-28 08:24:21] INFO Sending video frame, timestamp: 7756
string(39) "复制流发送数据到其他的进程"
[2026-06-28 08:24:21] INFO Sending audio frame, timestamp: 7778
string(39) "复制流发送数据到其他的进程"
[2026-06-28 08:24:21] INFO Sending video frame, timestamp: 7790
string(39) "复制流发送数据到其他的进程"
[2026-06-28 08:24:21] INFO Sending audio frame, timestamp: 7802
string(39) "复制流发送数据到其他的进程"
[2026-06-28 08:24:21] INFO Sending video frame, timestamp: 7823
string(39) "复制流发送数据到其他的进程"
[2026-06-28 08:24:22] INFO Sending audio frame, timestamp: 7825
string(39) "复制流发送数据到其他的进程"
[2026-06-28 08:24:22] INFO Sending audio frame, timestamp: 7848
string(39) "复制流发送数据到其他的进程"
[2026-06-28 08:24:22] INFO Sending video frame, timestamp: 7856
string(39) "复制流发送数据到其他的进程"
[2026-06-28 08:24:22] INFO Sending audio frame, timestamp: 7871
string(39) "复制流发送数据到其他的进程"
[2026-06-28 08:24:22] INFO Sending video frame, timestamp: 7890
string(39) "复制流发送数据到其他的进程"
[2026-06-28 08:24:22] INFO Sending audio frame, timestamp: 7895
string(39) "复制流发送数据到其他的进程"
[2026-06-28 08:24:22] INFO Sending audio frame, timestamp: 7918
string(39) "复制流发送数据到其他的进程"
[2026-06-28 08:24:22] INFO Sending video frame, timestamp: 7923
string(39) "复制流发送数据到其他的进程"
[2026-06-28 08:24:22] INFO Sending audio frame, timestamp: 7941
string(39) "复制流发送数据到其他的进程"
[2026-06-28 08:24:22] INFO Sending video frame, timestamp: 7956
string(39) "复制流发送数据到其他的进程"
[2026-06-28 08:24:22] INFO Sending audio frame, timestamp: 7964
string(39) "复制流发送数据到其他的进程"
[2026-06-28 08:24:22] INFO Sending audio frame, timestamp: 7987
string(39) "复制流发送数据到其他的进程"
[2026-06-28 08:24:22] INFO Sending video frame, timestamp: 7990
string(39) "复制流发送数据到其他的进程"
[2026-06-28 08:24:22] INFO Sending audio frame, timestamp: 8011
string(39) "复制流发送数据到其他的进程"
[2026-06-28 08:24:22] INFO Sending video frame, timestamp: 8023
string(39) "复制流发送数据到其他的进程"
[2026-06-28 08:24:22] INFO Sending audio frame, timestamp: 8034
string(39) "复制流发送数据到其他的进程"
[2026-06-28 08:24:22] INFO Sending video frame, timestamp: 8056
string(39) "复制流发送数据到其他的进程"
[2026-06-28 08:24:22] INFO Sending audio frame, timestamp: 8057
string(39) "复制流发送数据到其他的进程"
[2026-06-28 08:24:22] INFO Sending audio frame, timestamp: 8080
string(39) "复制流发送数据到其他的进程"
[2026-06-28 08:24:22] INFO Sending video frame, timestamp: 8090
string(39) "复制流发送数据到其他的进程"
[2026-06-28 08:24:22] INFO Sending audio frame, timestamp: 8104
string(39) "复制流发送数据到其他的进程"
[2026-06-28 08:24:22] INFO Sending video frame, timestamp: 8123
string(39) "复制流发送数据到其他的进程"
[2026-06-28 08:24:22] INFO Sending audio frame, timestamp: 8127
string(39) "复制流发送数据到其他的进程"
[2026-06-28 08:24:22] INFO Sending audio frame, timestamp: 8150
string(39) "复制流发送数据到其他的进程"
[2026-06-28 08:24:22] INFO Sending video frame, timestamp: 8156
string(39) "复制流发送数据到其他的进程"
[2026-06-28 08:24:22] INFO Sending audio frame, timestamp: 8173
string(39) "复制流发送数据到其他的进程"
[2026-06-28 08:24:22] INFO Sending video frame, timestamp: 8190
string(39) "复制流发送数据到其他的进程"
[2026-06-28 08:24:22] INFO Sending audio frame, timestamp: 8196
string(39) "复制流发送数据到其他的进程"
[2026-06-28 08:24:22] INFO Sending audio frame, timestamp: 8220
string(39) "复制流发送数据到其他的进程"
[2026-06-28 08:24:22] INFO Sending video frame, timestamp: 8223
string(39) "复制流发送数据到其他的进程"
[2026-06-28 08:24:22] INFO Sending audio frame, timestamp: 8243
string(39) "复制流发送数据到其他的进程"
[2026-06-28 08:24:22] INFO Sending video frame, timestamp: 8256
string(39) "复制流发送数据到其他的进程"
[2026-06-28 08:24:22] INFO Sending audio frame, timestamp: 8266
string(39) "复制流发送数据到其他的进程"
[2026-06-28 08:24:22] INFO Sending audio frame, timestamp: 8289
string(39) "复制流发送数据到其他的进程"
[2026-06-28 08:24:22] INFO Sending video frame, timestamp: 8290
string(39) "复制流发送数据到其他的进程"
[2026-06-28 08:24:22] INFO Sending audio frame, timestamp: 8313
string(39) "复制流发送数据到其他的进程"
[2026-06-28 08:24:22] INFO Sending video frame, timestamp: 8323
string(39) "复制流发送数据到其他的进程"
[2026-06-28 08:24:22] INFO Sending audio frame, timestamp: 8336
string(39) "复制流发送数据到其他的进程"
[2026-06-28 08:24:22] INFO Sending video frame, timestamp: 8356
string(39) "复制流发送数据到其他的进程"
[2026-06-28 08:24:22] INFO Sending audio frame, timestamp: 8359
string(39) "复制流发送数据到其他的进程"
[2026-06-28 08:24:22] INFO Sending audio frame, timestamp: 8382
string(39) "复制流发送数据到其他的进程"
[2026-06-28 08:24:22] INFO Sending video frame, timestamp: 8390
string(39) "复制流发送数据到其他的进程"
[2026-06-28 08:24:22] INFO Sending audio frame, timestamp: 8405
string(39) "复制流发送数据到其他的进程"
[2026-06-28 08:24:22] INFO Sending video frame, timestamp: 8423
string(39) "复制流发送数据到其他的进程"
[2026-06-28 08:24:22] INFO Sending audio frame, timestamp: 8429
string(39) "复制流发送数据到其他的进程"
[2026-06-28 08:24:22] INFO Sending audio frame, timestamp: 8452
string(39) "复制流发送数据到其他的进程"
[2026-06-28 08:24:22] INFO Sending video frame, timestamp: 8456
string(39) "复制流发送数据到其他的进程"
[2026-06-28 08:24:22] INFO Sending audio frame, timestamp: 8475
string(39) "复制流发送数据到其他的进程"
[2026-06-28 08:24:22] INFO Sending video frame, timestamp: 8490
string(39) "复制流发送数据到其他的进程"
[2026-06-28 08:24:22] INFO Sending audio frame, timestamp: 8498
string(39) "复制流发送数据到其他的进程"
[2026-06-28 08:24:22] INFO Sending audio frame, timestamp: 8522
string(39) "复制流发送数据到其他的进程"
[2026-06-28 08:24:22] INFO Sending video frame, timestamp: 8523
string(39) "复制流发送数据到其他的进程"
[2026-06-28 08:24:22] INFO Sending audio frame, timestamp: 8545
string(39) "复制流发送数据到其他的进程"
[2026-06-28 08:24:22] INFO Sending video frame, timestamp: 8556
string(39) "复制流发送数据到其他的进程"
[2026-06-28 08:24:22] INFO Sending audio frame, timestamp: 8568
string(39) "复制流发送数据到其他的进程"
[2026-06-28 08:24:22] INFO Sending video frame, timestamp: 8590
string(39) "复制流发送数据到其他的进程"
[2026-06-28 08:24:22] INFO Sending audio frame, timestamp: 8591
string(39) "复制流发送数据到其他的进程"
[2026-06-28 08:24:22] INFO Sending audio frame, timestamp: 8614
string(39) "复制流发送数据到其他的进程"
[2026-06-28 08:24:22] INFO Sending video frame, timestamp: 8623
string(39) "复制流发送数据到其他的进程"
[2026-06-28 08:24:23] INFO Sending audio frame, timestamp: 8638
string(39) "复制流发送数据到其他的进程"
[2026-06-28 08:24:23] INFO Sending video frame, timestamp: 8656
string(39) "复制流发送数据到其他的进程"
[2026-06-28 08:24:23] INFO Sending audio frame, timestamp: 8661
string(39) "复制流发送数据到其他的进程"
[2026-06-28 08:24:23] INFO Sending audio frame, timestamp: 8684
string(39) "复制流发送数据到其他的进程"
[2026-06-28 08:24:23] INFO Sending video frame, timestamp: 8690
string(39) "复制流发送数据到其他的进程"
[2026-06-28 08:24:23] INFO Sending audio frame, timestamp: 8707
string(39) "复制流发送数据到其他的进程"
[2026-06-28 08:24:23] INFO Sending video frame, timestamp: 8723
string(39) "复制流发送数据到其他的进程"
[2026-06-28 08:24:23] INFO Sending audio frame, timestamp: 8730
string(39) "复制流发送数据到其他的进程"
[2026-06-28 08:24:23] INFO Sending audio frame, timestamp: 8754
string(39) "复制流发送数据到其他的进程"
[2026-06-28 08:24:23] INFO Sending video frame, timestamp: 8756
string(39) "复制流发送数据到其他的进程"
[2026-06-28 08:24:23] INFO Sending audio frame, timestamp: 8777
string(39) "复制流发送数据到其他的进程"
[2026-06-28 08:24:23] INFO Sending video frame, timestamp: 8790
string(39) "复制流发送数据到其他的进程"
[2026-06-28 08:24:23] INFO Sending audio frame, timestamp: 8800
string(39) "复制流发送数据到其他的进程"
[2026-06-28 08:24:23] INFO Sending video frame, timestamp: 8823
string(39) "复制流发送数据到其他的进程"
[2026-06-28 08:24:23] INFO Sending audio frame, timestamp: 8823
string(39) "复制流发送数据到其他的进程"
[2026-06-28 08:24:23] INFO Sending audio frame, timestamp: 8847
string(39) "复制流发送数据到其他的进程"
[2026-06-28 08:24:23] INFO Sending video frame, timestamp: 8856
string(39) "复制流发送数据到其他的进程"
[2026-06-28 08:24:23] INFO Sending audio frame, timestamp: 8870
string(39) "复制流发送数据到其他的进程"
[2026-06-28 08:24:23] INFO Sending video frame, timestamp: 8890
string(39) "复制流发送数据到其他的进程"
[2026-06-28 08:24:23] INFO Sending audio frame, timestamp: 8893
string(39) "复制流发送数据到其他的进程"
[2026-06-28 08:24:23] INFO Sending audio frame, timestamp: 8916
string(39) "复制流发送数据到其他的进程"
[2026-06-28 08:24:23] INFO Sending video frame, timestamp: 8923
string(39) "复制流发送数据到其他的进程"
[2026-06-28 08:24:23] INFO Sending audio frame, timestamp: 8939
string(39) "复制流发送数据到其他的进程"
[2026-06-28 08:24:23] INFO Sending video frame, timestamp: 8956
string(39) "复制流发送数据到其他的进程"
[2026-06-28 08:24:23] INFO Sending audio frame, timestamp: 8963
string(39) "复制流发送数据到其他的进程"
[2026-06-28 08:24:23] INFO Sending audio frame, timestamp: 8986
string(39) "复制流发送数据到其他的进程"
[2026-06-28 08:24:23] INFO Sending video frame, timestamp: 8990
string(39) "复制流发送数据到其他的进程"
[2026-06-28 08:24:23] INFO Sending audio frame, timestamp: 9009
string(39) "复制流发送数据到其他的进程"
[2026-06-28 08:24:23] INFO Sending video frame, timestamp: 9023
string(39) "复制流发送数据到其他的进程"
[2026-06-28 08:24:23] INFO Sending audio frame, timestamp: 9032
string(39) "复制流发送数据到其他的进程"
[2026-06-28 08:24:23] INFO Sending video frame, timestamp: 9056
string(39) "复制流发送数据到其他的进程"
[2026-06-28 08:24:23] INFO Sending audio frame, timestamp: 9056
string(39) "复制流发送数据到其他的进程"
[2026-06-28 08:24:23] INFO Sending audio frame, timestamp: 9079
string(39) "复制流发送数据到其他的进程"
[2026-06-28 08:24:23] INFO Sending video frame, timestamp: 9090
string(39) "复制流发送数据到其他的进程"
[2026-06-28 08:24:23] INFO Sending audio frame, timestamp: 9102
string(39) "复制流发送数据到其他的进程"
[2026-06-28 08:24:23] INFO Sending video frame, timestamp: 9123
string(39) "复制流发送数据到其他的进程"
[2026-06-28 08:24:23] INFO Sending audio frame, timestamp: 9125
string(39) "复制流发送数据到其他的进程"
[2026-06-28 08:24:23] INFO Sending audio frame, timestamp: 9148
string(39) "复制流发送数据到其他的进程"
[2026-06-28 08:24:23] INFO Sending video frame, timestamp: 9156
string(39) "复制流发送数据到其他的进程"
[2026-06-28 08:24:23] INFO Sending audio frame, timestamp: 9172
string(39) "复制流发送数据到其他的进程"
[2026-06-28 08:24:23] INFO Sending video frame, timestamp: 9190
string(39) "复制流发送数据到其他的进程"
[2026-06-28 08:24:23] INFO Sending audio frame, timestamp: 9195
string(39) "复制流发送数据到其他的进程"
[2026-06-28 08:24:23] INFO Sending audio frame, timestamp: 9218
string(39) "复制流发送数据到其他的进程"
[2026-06-28 08:24:23] INFO Sending video frame, timestamp: 9223
string(39) "复制流发送数据到其他的进程"
[2026-06-28 08:24:23] INFO Sending audio frame, timestamp: 9241
string(39) "复制流发送数据到其他的进程"
[2026-06-28 08:24:23] INFO Sending video frame, timestamp: 9256
string(39) "复制流发送数据到其他的进程"
[2026-06-28 08:24:23] INFO Sending audio frame, timestamp: 9265
string(39) "复制流发送数据到其他的进程"
[2026-06-28 08:24:23] INFO Sending audio frame, timestamp: 9288
string(39) "复制流发送数据到其他的进程"
[2026-06-28 08:24:23] INFO Sending video frame, timestamp: 9290
string(39) "复制流发送数据到其他的进程"
[2026-06-28 08:24:23] INFO Sending audio frame, timestamp: 9311
string(39) "复制流发送数据到其他的进程"
[2026-06-28 08:24:23] INFO Sending video frame, timestamp: 9323
string(39) "复制流发送数据到其他的进程"
[2026-06-28 08:24:23] INFO Sending audio frame, timestamp: 9334
string(39) "复制流发送数据到其他的进程"
[2026-06-28 08:24:23] INFO Sending video frame, timestamp: 9356
string(39) "复制流发送数据到其他的进程"
[2026-06-28 08:24:23] INFO Sending audio frame, timestamp: 9357
string(39) "复制流发送数据到其他的进程"
[2026-06-28 08:24:23] INFO Sending audio frame, timestamp: 9381
string(39) "复制流发送数据到其他的进程"
[2026-06-28 08:24:23] INFO Sending video frame, timestamp: 9390
string(39) "复制流发送数据到其他的进程"
[2026-06-28 08:24:23] INFO Sending audio frame, timestamp: 9404
string(39) "复制流发送数据到其他的进程"
[2026-06-28 08:24:23] INFO Sending video frame, timestamp: 9423
string(39) "复制流发送数据到其他的进程"
[2026-06-28 08:24:23] INFO Sending audio frame, timestamp: 9427
string(39) "复制流发送数据到其他的进程"
[2026-06-28 08:24:23] INFO Sending audio frame, timestamp: 9450
string(39) "复制流发送数据到其他的进程"
[2026-06-28 08:24:23] INFO Sending video frame, timestamp: 9456
string(39) "复制流发送数据到其他的进程"
[2026-06-28 08:24:23] INFO Sending audio frame, timestamp: 9474
string(39) "复制流发送数据到其他的进程"
[2026-06-28 08:24:23] INFO Sending video frame, timestamp: 9490
string(39) "复制流发送数据到其他的进程"
[2026-06-28 08:24:23] INFO Sending audio frame, timestamp: 9497
string(39) "复制流发送数据到其他的进程"
[2026-06-28 08:24:23] INFO Sending audio frame, timestamp: 9520
string(39) "复制流发送数据到其他的进程"
[2026-06-28 08:24:23] INFO Sending video frame, timestamp: 9523
string(39) "复制流发送数据到其他的进程"
[2026-06-28 08:24:23] INFO Sending audio frame, timestamp: 9543
string(39) "复制流发送数据到其他的进程"
[2026-06-28 08:24:23] INFO Sending video frame, timestamp: 9556
string(39) "复制流发送数据到其他的进程"
[2026-06-28 08:24:23] INFO Sending audio frame, timestamp: 9566
string(39) "复制流发送数据到其他的进程"
[2026-06-28 08:24:23] INFO Sending video frame, timestamp: 9590
string(39) "复制流发送数据到其他的进程"
[2026-06-28 08:24:23] INFO Sending audio frame, timestamp: 9590
string(39) "复制流发送数据到其他的进程"
[2026-06-28 08:24:23] INFO Sending audio frame, timestamp: 9613
string(39) "复制流发送数据到其他的进程"
[2026-06-28 08:24:23] INFO Sending video frame, timestamp: 9623
string(39) "复制流发送数据到其他的进程"
[2026-06-28 08:24:24] INFO Sending audio frame, timestamp: 9636
string(39) "复制流发送数据到其他的进程"
[2026-06-28 08:24:24] INFO Sending video frame, timestamp: 9656
string(39) "复制流发送数据到其他的进程"
[2026-06-28 08:24:24] INFO Sending audio frame, timestamp: 9659
string(39) "复制流发送数据到其他的进程"
[2026-06-28 08:24:24] INFO Sending audio frame, timestamp: 9683
string(39) "复制流发送数据到其他的进程"
[2026-06-28 08:24:24] INFO Sending video frame, timestamp: 9690
string(39) "复制流发送数据到其他的进程"
[2026-06-28 08:24:24] INFO Sending audio frame, timestamp: 9706
string(39) "复制流发送数据到其他的进程"
[2026-06-28 08:24:24] INFO Sending video frame, timestamp: 9723
string(39) "复制流发送数据到其他的进程"
[2026-06-28 08:24:24] INFO Sending audio frame, timestamp: 9729
string(39) "复制流发送数据到其他的进程"
[2026-06-28 08:24:24] INFO Sending audio frame, timestamp: 9752
string(39) "复制流发送数据到其他的进程"
[2026-06-28 08:24:24] INFO Sending video frame, timestamp: 9756
string(39) "复制流发送数据到其他的进程"
[2026-06-28 08:24:24] INFO Sending audio frame, timestamp: 9775
string(39) "复制流发送数据到其他的进程"
[2026-06-28 08:24:24] INFO Sending video frame, timestamp: 9790
string(39) "复制流发送数据到其他的进程"
[2026-06-28 08:24:24] INFO Sending audio frame, timestamp: 9799
string(39) "复制流发送数据到其他的进程"
[2026-06-28 08:24:24] INFO Sending audio frame, timestamp: 9822
string(39) "复制流发送数据到其他的进程"
[2026-06-28 08:24:24] INFO Sending video frame, timestamp: 9823
string(39) "复制流发送数据到其他的进程"
[2026-06-28 08:24:24] INFO Sending audio frame, timestamp: 9845
string(39) "复制流发送数据到其他的进程"
[2026-06-28 08:24:24] INFO Sending video frame, timestamp: 9856
string(39) "复制流发送数据到其他的进程"
[2026-06-28 08:24:24] INFO Sending audio frame, timestamp: 9868
string(39) "复制流发送数据到其他的进程"
[2026-06-28 08:24:24] INFO Sending video frame, timestamp: 9890
string(39) "复制流发送数据到其他的进程"
[2026-06-28 08:24:24] INFO Sending audio frame, timestamp: 9891
string(39) "复制流发送数据到其他的进程"
[2026-06-28 08:24:24] INFO Sending audio frame, timestamp: 9915
string(39) "复制流发送数据到其他的进程"
[2026-06-28 08:24:24] INFO Sending video frame, timestamp: 9923
string(39) "复制流发送数据到其他的进程"
[2026-06-28 08:24:24] INFO Sending video frame, timestamp: 9956
string(39) "复制流发送数据到其他的进程"
[2026-06-28 08:24:24] INFO Sending audio frame, timestamp: 9956
string(39) "复制流发送数据到其他的进程"
[2026-06-28 08:24:24] INFO Sending audio frame, timestamp: 9979
string(39) "复制流发送数据到其他的进程"
[2026-06-28 08:24:24] INFO Sending audio frame, timestamp: 10002
string(39) "复制流发送数据到其他的进程"
[2026-06-28 08:24:24] INFO Sending video frame, timestamp: 10023
string(39) "复制流发送数据到其他的进程"
[2026-06-28 08:24:24] INFO Sending audio frame, timestamp: 10026
string(39) "复制流发送数据到其他的进程"
[2026-06-28 08:24:24] INFO Sending audio frame, timestamp: 10049
string(39) "复制流发送数据到其他的进程"
[2026-06-28 08:24:24] INFO Sending video frame, timestamp: 10056
string(39) "复制流发送数据到其他的进程"
[2026-06-28 08:24:24] INFO Sending audio frame, timestamp: 10072
string(39) "复制流发送数据到其他的进程"
[2026-06-28 08:24:24] INFO Sending video frame, timestamp: 10090
string(39) "复制流发送数据到其他的进程"
[2026-06-28 08:24:24] INFO Sending audio frame, timestamp: 10095
string(39) "复制流发送数据到其他的进程"
[2026-06-28 08:24:24] INFO Sending audio frame, timestamp: 10119
string(39) "复制流发送数据到其他的进程"
[2026-06-28 08:24:24] INFO Sending video frame, timestamp: 10123
string(39) "复制流发送数据到其他的进程"
[2026-06-28 08:24:24] INFO Sending audio frame, timestamp: 10142
string(39) "复制流发送数据到其他的进程"
[2026-06-28 08:24:24] INFO Sending video frame, timestamp: 10156
string(39) "复制流发送数据到其他的进程"
[2026-06-28 08:24:24] INFO Sending audio frame, timestamp: 10165
string(39) "复制流发送数据到其他的进程"
[2026-06-28 08:24:24] INFO Sending audio frame, timestamp: 10188
string(39) "复制流发送数据到其他的进程"
[2026-06-28 08:24:24] INFO Sending video frame, timestamp: 10190
string(39) "复制流发送数据到其他的进程"
[2026-06-28 08:24:24] INFO Sending audio frame, timestamp: 10211
string(39) "复制流发送数据到其他的进程"
[2026-06-28 08:24:24] INFO Sending video frame, timestamp: 10223
string(39) "复制流发送数据到其他的进程"
[2026-06-28 08:24:24] INFO Sending audio frame, timestamp: 10235
string(39) "复制流发送数据到其他的进程"
[2026-06-28 08:24:24] INFO Sending video frame, timestamp: 10256
string(39) "复制流发送数据到其他的进程"
[2026-06-28 08:24:24] INFO Sending audio frame, timestamp: 10258
string(39) "复制流发送数据到其他的进程"
[2026-06-28 08:24:24] INFO Sending audio frame, timestamp: 10281
string(39) "复制流发送数据到其他的进程"
[2026-06-28 08:24:24] INFO Sending video frame, timestamp: 10290
string(39) "复制流发送数据到其他的进程"
[2026-06-28 08:24:24] INFO Sending audio frame, timestamp: 10304
string(39) "复制流发送数据到其他的进程"
[2026-06-28 08:24:24] INFO Sending video frame, timestamp: 10323
string(39) "复制流发送数据到其他的进程"
[2026-06-28 08:24:24] INFO Sending audio frame, timestamp: 10328
string(39) "复制流发送数据到其他的进程"
[2026-06-28 08:24:24] INFO Sending audio frame, timestamp: 10351
string(39) "复制流发送数据到其他的进程"
[2026-06-28 08:24:24] INFO Sending video frame, timestamp: 10356
string(39) "复制流发送数据到其他的进程"
[2026-06-28 08:24:24] INFO Sending audio frame, timestamp: 10374
string(39) "复制流发送数据到其他的进程"
[2026-06-28 08:24:24] INFO Sending video frame, timestamp: 10390
string(39) "复制流发送数据到其他的进程"
[2026-06-28 08:24:24] INFO Sending audio frame, timestamp: 10397
string(39) "复制流发送数据到其他的进程"
[2026-06-28 08:24:24] INFO Sending audio frame, timestamp: 10420
string(39) "复制流发送数据到其他的进程"
[2026-06-28 08:24:24] INFO Sending video frame, timestamp: 10423
string(39) "复制流发送数据到其他的进程"
[2026-06-28 08:24:24] INFO Sending audio frame, timestamp: 10444
string(39) "复制流发送数据到其他的进程"
[2026-06-28 08:24:24] INFO Sending video frame, timestamp: 10456
string(39) "复制流发送数据到其他的进程"
[2026-06-28 08:24:24] INFO Sending audio frame, timestamp: 10467
string(39) "复制流发送数据到其他的进程"
[2026-06-28 08:24:24] INFO Sending video frame, timestamp: 10490
string(39) "复制流发送数据到其他的进程"
[2026-06-28 08:24:24] INFO Sending audio frame, timestamp: 10490
string(39) "复制流发送数据到其他的进程"
[2026-06-28 08:24:24] INFO Sending audio frame, timestamp: 10513
string(39) "复制流发送数据到其他的进程"
[2026-06-28 08:24:24] INFO Sending video frame, timestamp: 10523
string(39) "复制流发送数据到其他的进程"
[2026-06-28 08:24:24] INFO Sending audio frame, timestamp: 10536
string(39) "复制流发送数据到其他的进程"
[2026-06-28 08:24:24] INFO Sending video frame, timestamp: 10556
string(39) "复制流发送数据到其他的进程"
[2026-06-28 08:24:24] INFO Sending audio frame, timestamp: 10560
string(39) "复制流发送数据到其他的进程"
[2026-06-28 08:24:24] INFO Sending audio frame, timestamp: 10583
string(39) "复制流发送数据到其他的进程"
[2026-06-28 08:24:24] INFO Sending video frame, timestamp: 10590
string(39) "复制流发送数据到其他的进程"
[2026-06-28 08:24:24] INFO Sending audio frame, timestamp: 10606
string(39) "复制流发送数据到其他的进程"
[2026-06-28 08:24:24] INFO Sending video frame, timestamp: 10623
string(39) "复制流发送数据到其他的进程"
[2026-06-28 08:24:24] INFO Sending audio frame, timestamp: 10629
string(39) "复制流发送数据到其他的进程"
[2026-06-28 08:24:24] INFO Sending audio frame, timestamp: 10653
string(39) "复制流发送数据到其他的进程"
[2026-06-28 08:24:24] INFO Sending video frame, timestamp: 10656
string(39) "复制流发送数据到其他的进程"
[2026-06-28 08:24:25] INFO Sending audio frame, timestamp: 10676
string(39) "复制流发送数据到其他的进程"
[2026-06-28 08:24:25] INFO Sending video frame, timestamp: 10690
string(39) "复制流发送数据到其他的进程"
[2026-06-28 08:24:25] INFO Sending audio frame, timestamp: 10699
string(39) "复制流发送数据到其他的进程"
[2026-06-28 08:24:25] INFO Sending audio frame, timestamp: 10722
string(39) "复制流发送数据到其他的进程"
[2026-06-28 08:24:25] INFO Sending video frame, timestamp: 10723
string(39) "复制流发送数据到其他的进程"
[2026-06-28 08:24:25] INFO Sending audio frame, timestamp: 10745
string(39) "复制流发送数据到其他的进程"
[2026-06-28 08:24:25] INFO Sending video frame, timestamp: 10756
string(39) "复制流发送数据到其他的进程"
[2026-06-28 08:24:25] INFO Sending audio frame, timestamp: 10769
string(39) "复制流发送数据到其他的进程"
[2026-06-28 08:24:25] INFO Sending video frame, timestamp: 10790
string(39) "复制流发送数据到其他的进程"
[2026-06-28 08:24:25] INFO Sending audio frame, timestamp: 10792
string(39) "复制流发送数据到其他的进程"
[2026-06-28 08:24:25] INFO Sending audio frame, timestamp: 10815
string(39) "复制流发送数据到其他的进程"
[2026-06-28 08:24:25] INFO Sending video frame, timestamp: 10823
string(39) "复制流发送数据到其他的进程"
[2026-06-28 08:24:25] INFO Sending audio frame, timestamp: 10838
string(39) "复制流发送数据到其他的进程"
[2026-06-28 08:24:25] INFO Sending video frame, timestamp: 10856
string(39) "复制流发送数据到其他的进程"
[2026-06-28 08:24:25] INFO Sending audio frame, timestamp: 10862
string(39) "复制流发送数据到其他的进程"
[2026-06-28 08:24:25] INFO Sending audio frame, timestamp: 10885
string(39) "复制流发送数据到其他的进程"
[2026-06-28 08:24:25] INFO Sending video frame, timestamp: 10890
string(39) "复制流发送数据到其他的进程"
[2026-06-28 08:24:25] INFO Sending audio frame, timestamp: 10908
string(39) "复制流发送数据到其他的进程"
[2026-06-28 08:24:25] INFO Sending video frame, timestamp: 10923
string(39) "复制流发送数据到其他的进程"
[2026-06-28 08:24:25] INFO Sending audio frame, timestamp: 10931
string(39) "复制流发送数据到其他的进程"
[2026-06-28 08:24:25] INFO Sending audio frame, timestamp: 10954
string(39) "复制流发送数据到其他的进程"
[2026-06-28 08:24:25] INFO Sending video frame, timestamp: 10956
string(39) "复制流发送数据到其他的进程"
[2026-06-28 08:24:25] INFO Sending audio frame, timestamp: 10978
string(39) "复制流发送数据到其他的进程"
[2026-06-28 08:24:25] INFO Sending video frame, timestamp: 10990
string(39) "复制流发送数据到其他的进程"
[2026-06-28 08:24:25] INFO Sending audio frame, timestamp: 11001
string(39) "复制流发送数据到其他的进程"
[2026-06-28 08:24:25] INFO Sending video frame, timestamp: 11023
string(39) "复制流发送数据到其他的进程"
[2026-06-28 08:24:25] INFO Sending audio frame, timestamp: 11024
string(39) "复制流发送数据到其他的进程"
[2026-06-28 08:24:25] INFO Sending audio frame, timestamp: 11047
string(39) "复制流发送数据到其他的进程"
[2026-06-28 08:24:25] INFO Sending video frame, timestamp: 11056
string(39) "复制流发送数据到其他的进程"
[2026-06-28 08:24:25] INFO Sending audio frame, timestamp: 11071
string(39) "复制流发送数据到其他的进程"
[2026-06-28 08:24:25] INFO Sending video frame, timestamp: 11090
string(39) "复制流发送数据到其他的进程"
[2026-06-28 08:24:25] INFO Sending audio frame, timestamp: 11094
string(39) "复制流发送数据到其他的进程"
[2026-06-28 08:24:25] INFO Sending audio frame, timestamp: 11117
string(39) "复制流发送数据到其他的进程"
[2026-06-28 08:24:25] INFO Sending video frame, timestamp: 11123
string(39) "复制流发送数据到其他的进程"
[2026-06-28 08:24:25] INFO Sending audio frame, timestamp: 11140
string(39) "复制流发送数据到其他的进程"
[2026-06-28 08:24:25] INFO Sending video frame, timestamp: 11156
string(39) "复制流发送数据到其他的进程"
[2026-06-28 08:24:25] INFO Sending audio frame, timestamp: 11163
string(39) "复制流发送数据到其他的进程"
[2026-06-28 08:24:25] INFO Sending audio frame, timestamp: 11187
string(39) "复制流发送数据到其他的进程"
[2026-06-28 08:24:25] INFO Sending video frame, timestamp: 11190
string(39) "复制流发送数据到其他的进程"
[2026-06-28 08:24:25] INFO Sending audio frame, timestamp: 11210
string(39) "复制流发送数据到其他的进程"
[2026-06-28 08:24:25] INFO Sending video frame, timestamp: 11223
string(39) "复制流发送数据到其他的进程"
[2026-06-28 08:24:25] INFO Sending audio frame, timestamp: 11233
string(39) "复制流发送数据到其他的进程"
[2026-06-28 08:24:25] INFO Sending video frame, timestamp: 11256
string(39) "复制流发送数据到其他的进程"
[2026-06-28 08:24:25] INFO Sending audio frame, timestamp: 11256
string(39) "复制流发送数据到其他的进程"
[2026-06-28 08:24:25] INFO Sending audio frame, timestamp: 11280
string(39) "复制流发送数据到其他的进程"
[2026-06-28 08:24:25] INFO Sending video frame, timestamp: 11290
string(39) "复制流发送数据到其他的进程"
[2026-06-28 08:24:25] INFO Sending audio frame, timestamp: 11303
string(39) "复制流发送数据到其他的进程"
[2026-06-28 08:24:25] INFO Sending video frame, timestamp: 11323
string(39) "复制流发送数据到其他的进程"
[2026-06-28 08:24:25] INFO Sending audio frame, timestamp: 11326
string(39) "复制流发送数据到其他的进程"
[2026-06-28 08:24:25] INFO Sending audio frame, timestamp: 11349
string(39) "复制流发送数据到其他的进程"
[2026-06-28 08:24:25] INFO Sending video frame, timestamp: 11356
string(39) "复制流发送数据到其他的进程"
[2026-06-28 08:24:25] INFO Sending audio frame, timestamp: 11372
string(39) "复制流发送数据到其他的进程"
[2026-06-28 08:24:25] INFO Sending video frame, timestamp: 11390
string(39) "复制流发送数据到其他的进程"
[2026-06-28 08:24:25] INFO Sending audio frame, timestamp: 11396
string(39) "复制流发送数据到其他的进程"
[2026-06-28 08:24:25] INFO Sending audio frame, timestamp: 11419
string(39) "复制流发送数据到其他的进程"
[2026-06-28 08:24:25] INFO Sending video frame, timestamp: 11423
string(39) "复制流发送数据到其他的进程"
[2026-06-28 08:24:25] INFO Sending audio frame, timestamp: 11442
string(39) "复制流发送数据到其他的进程"
[2026-06-28 08:24:25] INFO Sending video frame, timestamp: 11456
string(39) "复制流发送数据到其他的进程"
[2026-06-28 08:24:25] INFO Sending audio frame, timestamp: 11465
string(39) "复制流发送数据到其他的进程"
[2026-06-28 08:24:25] INFO Sending audio frame, timestamp: 11489
string(39) "复制流发送数据到其他的进程"
[2026-06-28 08:24:25] INFO Sending video frame, timestamp: 11490
string(39) "复制流发送数据到其他的进程"
[2026-06-28 08:24:25] INFO Sending audio frame, timestamp: 11512
string(39) "复制流发送数据到其他的进程"
[2026-06-28 08:24:25] INFO Sending video frame, timestamp: 11523
string(39) "复制流发送数据到其他的进程"
[2026-06-28 08:24:25] INFO Sending audio frame, timestamp: 11535
string(39) "复制流发送数据到其他的进程"
[2026-06-28 08:24:25] INFO Sending video frame, timestamp: 11556
string(39) "复制流发送数据到其他的进程"
[2026-06-28 08:24:25] INFO Sending audio frame, timestamp: 11558
string(39) "复制流发送数据到其他的进程"
[2026-06-28 08:24:25] INFO Sending audio frame, timestamp: 11581
string(39) "复制流发送数据到其他的进程"
[2026-06-28 08:24:25] INFO Sending video frame, timestamp: 11590
string(39) "复制流发送数据到其他的进程"
[2026-06-28 08:24:25] INFO Sending audio frame, timestamp: 11605
string(39) "复制流发送数据到其他的进程"
[2026-06-28 08:24:25] INFO Sending video frame, timestamp: 11623
string(39) "复制流发送数据到其他的进程"
[2026-06-28 08:24:25] INFO Sending audio frame, timestamp: 11628
string(39) "复制流发送数据到其他的进程"
[2026-06-28 08:24:25] INFO Sending audio frame, timestamp: 11651
string(39) "复制流发送数据到其他的进程"
[2026-06-28 08:24:25] INFO Sending video frame, timestamp: 11656
string(39) "复制流发送数据到其他的进程"
[2026-06-28 08:24:26] INFO Sending audio frame, timestamp: 11674
string(39) "复制流发送数据到其他的进程"
[2026-06-28 08:24:26] INFO Sending video frame, timestamp: 11690
string(39) "复制流发送数据到其他的进程"
[2026-06-28 08:24:26] INFO Sending audio frame, timestamp: 11697
string(39) "复制流发送数据到其他的进程"
[2026-06-28 08:24:26] INFO Sending audio frame, timestamp: 11721
string(39) "复制流发送数据到其他的进程"
[2026-06-28 08:24:26] INFO Sending video frame, timestamp: 11723
string(39) "复制流发送数据到其他的进程"
[2026-06-28 08:24:26] INFO Sending audio frame, timestamp: 11744
string(39) "复制流发送数据到其他的进程"
[2026-06-28 08:24:26] INFO Sending video frame, timestamp: 11756
string(39) "复制流发送数据到其他的进程"
[2026-06-28 08:24:26] INFO Sending audio frame, timestamp: 11767
string(39) "复制流发送数据到其他的进程"
[2026-06-28 08:24:26] INFO Sending video frame, timestamp: 11790
string(39) "复制流发送数据到其他的进程"
[2026-06-28 08:24:26] INFO Sending audio frame, timestamp: 11790
string(39) "复制流发送数据到其他的进程"
[2026-06-28 08:24:26] INFO Sending audio frame, timestamp: 11814
string(39) "复制流发送数据到其他的进程"
[2026-06-28 08:24:26] INFO Sending video frame, timestamp: 11823
string(39) "复制流发送数据到其他的进程"
[2026-06-28 08:24:26] INFO Sending audio frame, timestamp: 11837
string(39) "复制流发送数据到其他的进程"
[2026-06-28 08:24:26] INFO Sending video frame, timestamp: 11856
string(39) "复制流发送数据到其他的进程"
[2026-06-28 08:24:26] INFO Sending audio frame, timestamp: 11860
string(39) "复制流发送数据到其他的进程"
[2026-06-28 08:24:26] INFO Sending audio frame, timestamp: 11883
string(39) "复制流发送数据到其他的进程"
[2026-06-28 08:24:26] INFO Sending video frame, timestamp: 11890
string(39) "复制流发送数据到其他的进程"
[2026-06-28 08:24:26] INFO Sending audio frame, timestamp: 11906
string(39) "复制流发送数据到其他的进程"
[2026-06-28 08:24:26] INFO Sending video frame, timestamp: 11923
string(39) "复制流发送数据到其他的进程"
[2026-06-28 08:24:26] INFO Sending audio frame, timestamp: 11930
string(39) "复制流发送数据到其他的进程"
[2026-06-28 08:24:26] INFO Sending audio frame, timestamp: 11953
string(39) "复制流发送数据到其他的进程"
[2026-06-28 08:24:26] INFO Sending video frame, timestamp: 11956
string(39) "复制流发送数据到其他的进程"
[2026-06-28 08:24:26] INFO Sending audio frame, timestamp: 11976
string(39) "复制流发送数据到其他的进程"
[2026-06-28 08:24:26] INFO Sending video frame, timestamp: 11990
string(39) "复制流发送数据到其他的进程"
[2026-06-28 08:24:26] INFO Sending audio frame, timestamp: 11999
string(39) "复制流发送数据到其他的进程"
[2026-06-28 08:24:26] INFO Sending video frame, timestamp: 12023
string(39) "复制流发送数据到其他的进程"
[2026-06-28 08:24:26] INFO Sending audio frame, timestamp: 12023
string(39) "复制流发送数据到其他的进程"
[2026-06-28 08:24:26] INFO Sending audio frame, timestamp: 12046
string(39) "复制流发送数据到其他的进程"
[2026-06-28 08:24:26] INFO Sending video frame, timestamp: 12056
[2026-06-28 08:24:26] INFO flv player close
[2026-06-28 08:24:26] INFO flv play stream start play
[2026-06-28 08:24:26] INFO  add player /a/b
string(39) "复制流发送数据到其他的进程"
[2026-06-28 08:24:26] INFO Sending audio frame, timestamp: 12092
string(39) "复制流发送数据到其他的进程"
[2026-06-28 08:24:26] INFO Sending audio frame, timestamp: 12115
string(39) "复制流发送数据到其他的进程"
[2026-06-28 08:24:26] INFO Sending video frame, timestamp: 12123
string(39) "复制流发送数据到其他的进程"
[2026-06-28 08:24:26] INFO Sending audio frame, timestamp: 12139
string(39) "复制流发送数据到其他的进程"
[2026-06-28 08:24:26] INFO Sending video frame, timestamp: 12156
string(39) "复制流发送数据到其他的进程"
[2026-06-28 08:24:26] INFO Sending audio frame, timestamp: 12162
string(39) "复制流发送数据到其他的进程"
[2026-06-28 08:24:26] INFO Sending audio frame, timestamp: 12185
string(39) "复制流发送数据到其他的进程"
[2026-06-28 08:24:26] INFO Sending video frame, timestamp: 12190
string(39) "复制流发送数据到其他的进程"
[2026-06-28 08:24:26] INFO Sending audio frame, timestamp: 12208
string(39) "复制流发送数据到其他的进程"
[2026-06-28 08:24:26] INFO Sending video frame, timestamp: 12223
string(39) "复制流发送数据到其他的进程"
[2026-06-28 08:24:26] INFO Sending audio frame, timestamp: 12232
string(39) "复制流发送数据到其他的进程"
[2026-06-28 08:24:26] INFO Sending audio frame, timestamp: 12255
string(39) "复制流发送数据到其他的进程"
[2026-06-28 08:24:26] INFO Sending video frame, timestamp: 12256
string(39) "复制流发送数据到其他的进程"
[2026-06-28 08:24:26] INFO Sending audio frame, timestamp: 12278
string(39) "复制流发送数据到其他的进程"
[2026-06-28 08:24:26] INFO Sending video frame, timestamp: 12290
string(39) "复制流发送数据到其他的进程"
[2026-06-28 08:24:26] INFO Sending audio frame, timestamp: 12301
string(39) "复制流发送数据到其他的进程"
[2026-06-28 08:24:26] INFO Sending video frame, timestamp: 12323
string(39) "复制流发送数据到其他的进程"
[2026-06-28 08:24:26] INFO Sending audio frame, timestamp: 12324
string(39) "复制流发送数据到其他的进程"
[2026-06-28 08:24:26] INFO Sending audio frame, timestamp: 12348
string(39) "复制流发送数据到其他的进程"
[2026-06-28 08:24:26] INFO Sending video frame, timestamp: 12356
string(39) "复制流发送数据到其他的进程"
[2026-06-28 08:24:26] INFO Sending audio frame, timestamp: 12371
string(39) "复制流发送数据到其他的进程"
[2026-06-28 08:24:26] INFO Sending video frame, timestamp: 12390
string(39) "复制流发送数据到其他的进程"
[2026-06-28 08:24:26] INFO Sending audio frame, timestamp: 12394
string(39) "复制流发送数据到其他的进程"
[2026-06-28 08:24:26] INFO Sending audio frame, timestamp: 12417
string(39) "复制流发送数据到其他的进程"
[2026-06-28 08:24:26] INFO Sending video frame, timestamp: 12423
string(39) "复制流发送数据到其他的进程"
[2026-06-28 08:24:26] INFO Sending audio frame, timestamp: 12441
string(39) "复制流发送数据到其他的进程"
[2026-06-28 08:24:26] INFO Sending video frame, timestamp: 12456
string(39) "复制流发送数据到其他的进程"
[2026-06-28 08:24:26] INFO Sending audio frame, timestamp: 12464
string(39) "复制流发送数据到其他的进程"
[2026-06-28 08:24:26] INFO Sending audio frame, timestamp: 12487
string(39) "复制流发送数据到其他的进程"
[2026-06-28 08:24:26] INFO Sending video frame, timestamp: 12490
string(39) "复制流发送数据到其他的进程"
[2026-06-28 08:24:26] INFO Sending audio frame, timestamp: 12510
string(39) "复制流发送数据到其他的进程"
[2026-06-28 08:24:26] INFO Sending video frame, timestamp: 12523
string(39) "复制流发送数据到其他的进程"
[2026-06-28 08:24:26] INFO Sending audio frame, timestamp: 12533
string(39) "复制流发送数据到其他的进程"
[2026-06-28 08:24:26] INFO Sending video frame, timestamp: 12556
string(39) "复制流发送数据到其他的进程"
[2026-06-28 08:24:26] INFO Sending audio frame, timestamp: 12557
string(39) "复制流发送数据到其他的进程"
[2026-06-28 08:24:26] INFO Sending audio frame, timestamp: 12580
string(39) "复制流发送数据到其他的进程"
[2026-06-28 08:24:26] INFO Sending video frame, timestamp: 12590
string(39) "复制流发送数据到其他的进程"
[2026-06-28 08:24:26] INFO Sending audio frame, timestamp: 12603
string(39) "复制流发送数据到其他的进程"
[2026-06-28 08:24:26] INFO Sending video frame, timestamp: 12623
string(39) "复制流发送数据到其他的进程"
[2026-06-28 08:24:26] INFO Sending audio frame, timestamp: 12626
string(39) "复制流发送数据到其他的进程"
[2026-06-28 08:24:26] INFO Sending audio frame, timestamp: 12650
string(39) "复制流发送数据到其他的进程"
[2026-06-28 08:24:26] INFO Sending video frame, timestamp: 12656
string(39) "复制流发送数据到其他的进程"
[2026-06-28 08:24:27] INFO Sending audio frame, timestamp: 12673
string(39) "复制流发送数据到其他的进程"
[2026-06-28 08:24:27] INFO Sending video frame, timestamp: 12690
string(39) "复制流发送数据到其他的进程"
[2026-06-28 08:24:27] INFO Sending audio frame, timestamp: 12696
string(39) "复制流发送数据到其他的进程"
[2026-06-28 08:24:27] INFO Sending audio frame, timestamp: 12719
string(39) "复制流发送数据到其他的进程"
[2026-06-28 08:24:27] INFO Sending video frame, timestamp: 12723
string(39) "复制流发送数据到其他的进程"
[2026-06-28 08:24:27] INFO Sending audio frame, timestamp: 12742
string(39) "复制流发送数据到其他的进程"
[2026-06-28 08:24:27] INFO Sending video frame, timestamp: 12756
string(39) "复制流发送数据到其他的进程"
[2026-06-28 08:24:27] INFO Sending audio frame, timestamp: 12766
string(39) "复制流发送数据到其他的进程"
[2026-06-28 08:24:27] INFO Sending audio frame, timestamp: 12789
string(39) "复制流发送数据到其他的进程"
[2026-06-28 08:24:27] INFO Sending video frame, timestamp: 12790
string(39) "复制流发送数据到其他的进程"
[2026-06-28 08:24:27] INFO Sending audio frame, timestamp: 12812
string(39) "复制流发送数据到其他的进程"
[2026-06-28 08:24:27] INFO Sending video frame, timestamp: 12823
string(39) "复制流发送数据到其他的进程"
[2026-06-28 08:24:27] INFO Sending audio frame, timestamp: 12835
string(39) "复制流发送数据到其他的进程"
[2026-06-28 08:24:27] INFO Sending video frame, timestamp: 12856
string(39) "复制流发送数据到其他的进程"
[2026-06-28 08:24:27] INFO Sending audio frame, timestamp: 12858
string(39) "复制流发送数据到其他的进程"
[2026-06-28 08:24:27] INFO Sending audio frame, timestamp: 12882
string(39) "复制流发送数据到其他的进程"
[2026-06-28 08:24:27] INFO Sending video frame, timestamp: 12890
string(39) "复制流发送数据到其他的进程"
[2026-06-28 08:24:27] INFO Sending audio frame, timestamp: 12905
string(39) "复制流发送数据到其他的进程"
[2026-06-28 08:24:27] INFO Sending video frame, timestamp: 12923
string(39) "复制流发送数据到其他的进程"
[2026-06-28 08:24:27] INFO Sending audio frame, timestamp: 12928
string(39) "复制流发送数据到其他的进程"
[2026-06-28 08:24:27] INFO Sending audio frame, timestamp: 12951
string(39) "复制流发送数据到其他的进程"
[2026-06-28 08:24:27] INFO Sending video frame, timestamp: 12956
string(39) "复制流发送数据到其他的进程"
[2026-06-28 08:24:27] INFO Sending audio frame, timestamp: 12975
string(39) "复制流发送数据到其他的进程"
[2026-06-28 08:24:27] INFO Sending video frame, timestamp: 12990
string(39) "复制流发送数据到其他的进程"
[2026-06-28 08:24:27] INFO Sending audio frame, timestamp: 12998
string(39) "复制流发送数据到其他的进程"
[2026-06-28 08:24:27] INFO Sending audio frame, timestamp: 13021
string(39) "复制流发送数据到其他的进程"
[2026-06-28 08:24:27] INFO Sending video frame, timestamp: 13023
string(39) "复制流发送数据到其他的进程"
[2026-06-28 08:24:27] INFO Sending audio frame, timestamp: 13044
string(39) "复制流发送数据到其他的进程"
[2026-06-28 08:24:27] INFO Sending video frame, timestamp: 13056
string(39) "复制流发送数据到其他的进程"
[2026-06-28 08:24:27] INFO Sending audio frame, timestamp: 13067
string(39) "复制流发送数据到其他的进程"
[2026-06-28 08:24:27] INFO Sending video frame, timestamp: 13090
string(39) "复制流发送数据到其他的进程"
[2026-06-28 08:24:27] INFO Sending audio frame, timestamp: 13091
string(39) "复制流发送数据到其他的进程"
[2026-06-28 08:24:27] INFO Sending audio frame, timestamp: 13114
string(39) "复制流发送数据到其他的进程"
[2026-06-28 08:24:27] INFO Sending video frame, timestamp: 13123
string(39) "复制流发送数据到其他的进程"
[2026-06-28 08:24:27] INFO Sending audio frame, timestamp: 13137
string(39) "复制流发送数据到其他的进程"
[2026-06-28 08:24:27] INFO Sending video frame, timestamp: 13156
string(39) "复制流发送数据到其他的进程"
[2026-06-28 08:24:27] INFO Sending audio frame, timestamp: 13160
string(39) "复制流发送数据到其他的进程"
[2026-06-28 08:24:27] INFO Sending audio frame, timestamp: 13184
string(39) "复制流发送数据到其他的进程"
[2026-06-28 08:24:27] INFO Sending video frame, timestamp: 13190
string(39) "复制流发送数据到其他的进程"
[2026-06-28 08:24:27] INFO Sending audio frame, timestamp: 13207
string(39) "复制流发送数据到其他的进程"
[2026-06-28 08:24:27] INFO Sending video frame, timestamp: 13223
string(39) "复制流发送数据到其他的进程"
[2026-06-28 08:24:27] INFO Sending audio frame, timestamp: 13230
string(39) "复制流发送数据到其他的进程"
[2026-06-28 08:24:27] INFO Sending audio frame, timestamp: 13253
string(39) "复制流发送数据到其他的进程"
[2026-06-28 08:24:27] INFO Sending video frame, timestamp: 13256
string(39) "复制流发送数据到其他的进程"
[2026-06-28 08:24:27] INFO Sending audio frame, timestamp: 13276
string(39) "复制流发送数据到其他的进程"
[2026-06-28 08:24:27] INFO Sending video frame, timestamp: 13290
string(39) "复制流发送数据到其他的进程"
[2026-06-28 08:24:27] INFO Sending audio frame, timestamp: 13300
string(39) "复制流发送数据到其他的进程"
[2026-06-28 08:24:27] INFO Sending video frame, timestamp: 13323
string(39) "复制流发送数据到其他的进程"
[2026-06-28 08:24:27] INFO Sending audio frame, timestamp: 13323
string(39) "复制流发送数据到其他的进程"
[2026-06-28 08:24:27] INFO Sending audio frame, timestamp: 13346
string(39) "复制流发送数据到其他的进程"
[2026-06-28 08:24:27] INFO Sending video frame, timestamp: 13356
string(39) "复制流发送数据到其他的进程"
[2026-06-28 08:24:27] INFO Sending audio frame, timestamp: 13369
string(39) "复制流发送数据到其他的进程"
[2026-06-28 08:24:27] INFO Sending video frame, timestamp: 13390
string(39) "复制流发送数据到其他的进程"
[2026-06-28 08:24:27] INFO Sending audio frame, timestamp: 13393
string(39) "复制流发送数据到其他的进程"
[2026-06-28 08:24:27] INFO Sending audio frame, timestamp: 13416
string(39) "复制流发送数据到其他的进程"
[2026-06-28 08:24:27] INFO Sending video frame, timestamp: 13423
string(39) "复制流发送数据到其他的进程"
[2026-06-28 08:24:27] INFO Sending audio frame, timestamp: 13439
string(39) "复制流发送数据到其他的进程"
[2026-06-28 08:24:27] INFO Sending video frame, timestamp: 13456
string(39) "复制流发送数据到其他的进程"
[2026-06-28 08:24:27] INFO Sending audio frame, timestamp: 13462
string(39) "复制流发送数据到其他的进程"
[2026-06-28 08:24:27] INFO Sending audio frame, timestamp: 13485
string(39) "复制流发送数据到其他的进程"
[2026-06-28 08:24:27] INFO Sending video frame, timestamp: 13490
string(39) "复制流发送数据到其他的进程"
[2026-06-28 08:24:27] INFO Sending audio frame, timestamp: 13509
string(39) "复制流发送数据到其他的进程"
[2026-06-28 08:24:27] INFO Sending video frame, timestamp: 13523
string(39) "复制流发送数据到其他的进程"
[2026-06-28 08:24:27] INFO Sending audio frame, timestamp: 13532
string(39) "复制流发送数据到其他的进程"
[2026-06-28 08:24:27] INFO Sending audio frame, timestamp: 13555
string(39) "复制流发送数据到其他的进程"
[2026-06-28 08:24:27] INFO Sending video frame, timestamp: 13556
string(39) "复制流发送数据到其他的进程"
[2026-06-28 08:24:27] INFO Sending audio frame, timestamp: 13578
string(39) "复制流发送数据到其他的进程"
[2026-06-28 08:24:27] INFO Sending video frame, timestamp: 13590
string(39) "复制流发送数据到其他的进程"
[2026-06-28 08:24:27] INFO Sending audio frame, timestamp: 13602
string(39) "复制流发送数据到其他的进程"
[2026-06-28 08:24:27] INFO Sending video frame, timestamp: 13623
string(39) "复制流发送数据到其他的进程"
[2026-06-28 08:24:27] INFO Sending audio frame, timestamp: 13625
string(39) "复制流发送数据到其他的进程"
[2026-06-28 08:24:27] INFO Sending audio frame, timestamp: 13648
string(39) "复制流发送数据到其他的进程"
[2026-06-28 08:24:27] INFO Sending video frame, timestamp: 13656
string(39) "复制流发送数据到其他的进程"
[2026-06-28 08:24:28] INFO Sending audio frame, timestamp: 13671
string(39) "复制流发送数据到其他的进程"
[2026-06-28 08:24:28] INFO Sending video frame, timestamp: 13690
string(39) "复制流发送数据到其他的进程"
[2026-06-28 08:24:28] INFO Sending audio frame, timestamp: 13694
string(39) "复制流发送数据到其他的进程"
[2026-06-28 08:24:28] INFO Sending audio frame, timestamp: 13718
string(39) "复制流发送数据到其他的进程"
[2026-06-28 08:24:28] INFO Sending video frame, timestamp: 13723
string(39) "复制流发送数据到其他的进程"
[2026-06-28 08:24:28] INFO Sending audio frame, timestamp: 13741
string(39) "复制流发送数据到其他的进程"
[2026-06-28 08:24:28] INFO Sending video frame, timestamp: 13756
string(39) "复制流发送数据到其他的进程"
[2026-06-28 08:24:28] INFO Sending audio frame, timestamp: 13764
string(39) "复制流发送数据到其他的进程"
[2026-06-28 08:24:28] INFO Sending audio frame, timestamp: 13787
string(39) "复制流发送数据到其他的进程"
[2026-06-28 08:24:28] INFO Sending video frame, timestamp: 13790
string(39) "复制流发送数据到其他的进程"
[2026-06-28 08:24:28] INFO Sending audio frame, timestamp: 13811
string(39) "复制流发送数据到其他的进程"
[2026-06-28 08:24:28] INFO Sending video frame, timestamp: 13823
string(39) "复制流发送数据到其他的进程"
[2026-06-28 08:24:28] INFO Sending audio frame, timestamp: 13834
string(39) "复制流发送数据到其他的进程"
[2026-06-28 08:24:28] INFO Sending video frame, timestamp: 13856
string(39) "复制流发送数据到其他的进程"
[2026-06-28 08:24:28] INFO Sending audio frame, timestamp: 13857
string(39) "复制流发送数据到其他的进程"
[2026-06-28 08:24:28] INFO Sending audio frame, timestamp: 13880
string(39) "复制流发送数据到其他的进程"
[2026-06-28 08:24:28] INFO Sending video frame, timestamp: 13890
string(39) "复制流发送数据到其他的进程"
[2026-06-28 08:24:28] INFO Sending audio frame, timestamp: 13903
string(39) "复制流发送数据到其他的进程"
[2026-06-28 08:24:28] INFO Sending video frame, timestamp: 13923
string(39) "复制流发送数据到其他的进程"
[2026-06-28 08:24:28] INFO Sending audio frame, timestamp: 13927
string(39) "复制流发送数据到其他的进程"
[2026-06-28 08:24:28] INFO Sending audio frame, timestamp: 13950
string(39) "复制流发送数据到其他的进程"
[2026-06-28 08:24:28] INFO Sending video frame, timestamp: 13956
string(39) "复制流发送数据到其他的进程"
[2026-06-28 08:24:28] INFO Sending audio frame, timestamp: 13973
string(39) "复制流发送数据到其他的进程"
[2026-06-28 08:24:28] INFO Sending video frame, timestamp: 13990
string(39) "复制流发送数据到其他的进程"
[2026-06-28 08:24:28] INFO Sending audio frame, timestamp: 13996
string(39) "复制流发送数据到其他的进程"
[2026-06-28 08:24:28] INFO Sending audio frame, timestamp: 14019
string(39) "复制流发送数据到其他的进程"
[2026-06-28 08:24:28] INFO Sending video frame, timestamp: 14023
string(39) "复制流发送数据到其他的进程"
[2026-06-28 08:24:28] INFO Sending audio frame, timestamp: 14043
string(39) "复制流发送数据到其他的进程"
[2026-06-28 08:24:28] INFO Sending video frame, timestamp: 14056
string(39) "复制流发送数据到其他的进程"
[2026-06-28 08:24:28] INFO Sending audio frame, timestamp: 14066
string(39) "复制流发送数据到其他的进程"
[2026-06-28 08:24:28] INFO Sending audio frame, timestamp: 14089
string(39) "复制流发送数据到其他的进程"
[2026-06-28 08:24:28] INFO Sending video frame, timestamp: 14090
string(39) "复制流发送数据到其他的进程"
[2026-06-28 08:24:28] INFO Sending audio frame, timestamp: 14112
string(39) "复制流发送数据到其他的进程"
[2026-06-28 08:24:28] INFO Sending video frame, timestamp: 14123
string(39) "复制流发送数据到其他的进程"
[2026-06-28 08:24:28] INFO Sending audio frame, timestamp: 14136
string(39) "复制流发送数据到其他的进程"
[2026-06-28 08:24:28] INFO Sending video frame, timestamp: 14156
string(39) "复制流发送数据到其他的进程"
[2026-06-28 08:24:28] INFO Sending audio frame, timestamp: 14159
string(39) "复制流发送数据到其他的进程"
[2026-06-28 08:24:28] INFO Sending audio frame, timestamp: 14182
string(39) "复制流发送数据到其他的进程"
[2026-06-28 08:24:28] INFO Sending video frame, timestamp: 14190
string(39) "复制流发送数据到其他的进程"
[2026-06-28 08:24:28] INFO Sending audio frame, timestamp: 14205
string(39) "复制流发送数据到其他的进程"
[2026-06-28 08:24:28] INFO Sending video frame, timestamp: 14223
string(39) "复制流发送数据到其他的进程"
[2026-06-28 08:24:28] INFO Sending audio frame, timestamp: 14228
string(39) "复制流发送数据到其他的进程"
[2026-06-28 08:24:28] INFO Sending audio frame, timestamp: 14252
string(39) "复制流发送数据到其他的进程"
[2026-06-28 08:24:28] INFO Sending video frame, timestamp: 14256
string(39) "复制流发送数据到其他的进程"
[2026-06-28 08:24:28] INFO Sending audio frame, timestamp: 14275
string(39) "复制流发送数据到其他的进程"
[2026-06-28 08:24:28] INFO Sending video frame, timestamp: 14290
string(39) "复制流发送数据到其他的进程"
[2026-06-28 08:24:28] INFO Sending audio frame, timestamp: 14298
string(39) "复制流发送数据到其他的进程"
[2026-06-28 08:24:28] INFO Sending audio frame, timestamp: 14321
string(39) "复制流发送数据到其他的进程"
[2026-06-28 08:24:28] INFO Sending video frame, timestamp: 14323
string(39) "复制流发送数据到其他的进程"
[2026-06-28 08:24:28] INFO Sending audio frame, timestamp: 14345
string(39) "复制流发送数据到其他的进程"
[2026-06-28 08:24:28] INFO Sending video frame, timestamp: 14356
string(39) "复制流发送数据到其他的进程"
[2026-06-28 08:24:28] INFO Sending audio frame, timestamp: 14368
string(39) "复制流发送数据到其他的进程"
[2026-06-28 08:24:28] INFO Sending video frame, timestamp: 14390
string(39) "复制流发送数据到其他的进程"
[2026-06-28 08:24:28] INFO Sending audio frame, timestamp: 14391
string(39) "复制流发送数据到其他的进程"
[2026-06-28 08:24:28] INFO Sending audio frame, timestamp: 14414
string(39) "复制流发送数据到其他的进程"
[2026-06-28 08:24:28] INFO Sending video frame, timestamp: 14423
string(39) "复制流发送数据到其他的进程"
[2026-06-28 08:24:28] INFO Sending audio frame, timestamp: 14437
string(39) "复制流发送数据到其他的进程"
[2026-06-28 08:24:28] INFO Sending video frame, timestamp: 14456
string(39) "复制流发送数据到其他的进程"
[2026-06-28 08:24:28] INFO Sending audio frame, timestamp: 14461
string(39) "复制流发送数据到其他的进程"
[2026-06-28 08:24:28] INFO Sending audio frame, timestamp: 14484
string(39) "复制流发送数据到其他的进程"
[2026-06-28 08:24:28] INFO Sending video frame, timestamp: 14490
string(39) "复制流发送数据到其他的进程"
[2026-06-28 08:24:28] INFO Sending audio frame, timestamp: 14507
string(39) "复制流发送数据到其他的进程"
[2026-06-28 08:24:28] INFO Sending video frame, timestamp: 14523
string(39) "复制流发送数据到其他的进程"
[2026-06-28 08:24:28] INFO Sending audio frame, timestamp: 14530
string(39) "复制流发送数据到其他的进程"
[2026-06-28 08:24:28] INFO Sending audio frame, timestamp: 14554
string(39) "复制流发送数据到其他的进程"
[2026-06-28 08:24:28] INFO Sending video frame, timestamp: 14556
string(39) "复制流发送数据到其他的进程"
[2026-06-28 08:24:28] INFO Sending audio frame, timestamp: 14577
string(39) "复制流发送数据到其他的进程"
[2026-06-28 08:24:28] INFO Sending video frame, timestamp: 14590
string(39) "复制流发送数据到其他的进程"
[2026-06-28 08:24:28] INFO Sending audio frame, timestamp: 14600
string(39) "复制流发送数据到其他的进程"
[2026-06-28 08:24:28] INFO Sending video frame, timestamp: 14623
string(39) "复制流发送数据到其他的进程"
[2026-06-28 08:24:28] INFO Sending audio frame, timestamp: 14623
string(39) "复制流发送数据到其他的进程"
[2026-06-28 08:24:28] INFO Sending audio frame, timestamp: 14646
string(39) "复制流发送数据到其他的进程"
[2026-06-28 08:24:28] INFO Sending video frame, timestamp: 14656
string(39) "复制流发送数据到其他的进程"
[2026-06-28 08:24:29] INFO Sending audio frame, timestamp: 14670
string(39) "复制流发送数据到其他的进程"
[2026-06-28 08:24:29] INFO Sending video frame, timestamp: 14690
string(39) "复制流发送数据到其他的进程"
[2026-06-28 08:24:29] INFO Sending audio frame, timestamp: 14693
string(39) "复制流发送数据到其他的进程"
[2026-06-28 08:24:29] INFO Sending audio frame, timestamp: 14716
string(39) "复制流发送数据到其他的进程"
[2026-06-28 08:24:29] INFO Sending video frame, timestamp: 14723
string(39) "复制流发送数据到其他的进程"
[2026-06-28 08:24:29] INFO Sending audio frame, timestamp: 14739
string(39) "复制流发送数据到其他的进程"
[2026-06-28 08:24:29] INFO Sending video frame, timestamp: 14756
string(39) "复制流发送数据到其他的进程"
[2026-06-28 08:24:29] INFO Sending audio frame, timestamp: 14763
string(39) "复制流发送数据到其他的进程"
[2026-06-28 08:24:29] INFO Sending audio frame, timestamp: 14786
string(39) "复制流发送数据到其他的进程"
[2026-06-28 08:24:29] INFO Sending video frame, timestamp: 14790
string(39) "复制流发送数据到其他的进程"
[2026-06-28 08:24:29] INFO Sending audio frame, timestamp: 14809
string(39) "复制流发送数据到其他的进程"
[2026-06-28 08:24:29] INFO Sending video frame, timestamp: 14823
string(39) "复制流发送数据到其他的进程"
[2026-06-28 08:24:29] INFO Sending audio frame, timestamp: 14832
string(39) "复制流发送数据到其他的进程"
[2026-06-28 08:24:29] INFO Sending audio frame, timestamp: 14855
string(39) "复制流发送数据到其他的进程"
[2026-06-28 08:24:29] INFO Sending video frame, timestamp: 14856
string(39) "复制流发送数据到其他的进程"
[2026-06-28 08:24:29] INFO Sending audio frame, timestamp: 14879
string(39) "复制流发送数据到其他的进程"
[2026-06-28 08:24:29] INFO Sending video frame, timestamp: 14890
string(39) "复制流发送数据到其他的进程"
[2026-06-28 08:24:29] INFO Sending audio frame, timestamp: 14902
string(39) "复制流发送数据到其他的进程"
[2026-06-28 08:24:29] INFO Sending video frame, timestamp: 14923
string(39) "复制流发送数据到其他的进程"
[2026-06-28 08:24:29] INFO Sending audio frame, timestamp: 14925
string(39) "复制流发送数据到其他的进程"
[2026-06-28 08:24:29] INFO Sending audio frame, timestamp: 14948
string(39) "复制流发送数据到其他的进程"
[2026-06-28 08:24:29] INFO Sending video frame, timestamp: 14956
string(39) "复制流发送数据到其他的进程"
[2026-06-28 08:24:29] INFO Sending audio frame, timestamp: 14972
string(39) "复制流发送数据到其他的进程"
[2026-06-28 08:24:29] INFO Sending video frame, timestamp: 14990
string(39) "复制流发送数据到其他的进程"
[2026-06-28 08:24:29] INFO Sending audio frame, timestamp: 14995
string(39) "复制流发送数据到其他的进程"
[2026-06-28 08:24:29] INFO Sending audio frame, timestamp: 15018
string(39) "复制流发送数据到其他的进程"
[2026-06-28 08:24:29] INFO Sending video frame, timestamp: 15023
string(39) "复制流发送数据到其他的进程"
[2026-06-28 08:24:29] INFO Sending audio frame, timestamp: 15041
string(39) "复制流发送数据到其他的进程"
[2026-06-28 08:24:29] INFO Sending video frame, timestamp: 15056
string(39) "复制流发送数据到其他的进程"
[2026-06-28 08:24:29] INFO Sending audio frame, timestamp: 15064
string(39) "复制流发送数据到其他的进程"
[2026-06-28 08:24:29] INFO Sending audio frame, timestamp: 15088
string(39) "复制流发送数据到其他的进程"
[2026-06-28 08:24:29] INFO Sending video frame, timestamp: 15090
string(39) "复制流发送数据到其他的进程"
[2026-06-28 08:24:29] INFO Sending audio frame, timestamp: 15111
string(39) "复制流发送数据到其他的进程"
[2026-06-28 08:24:29] INFO Sending video frame, timestamp: 15123
string(39) "复制流发送数据到其他的进程"
[2026-06-28 08:24:29] INFO Sending audio frame, timestamp: 15134
string(39) "复制流发送数据到其他的进程"
[2026-06-28 08:24:29] INFO Sending video frame, timestamp: 15156
string(39) "复制流发送数据到其他的进程"
[2026-06-28 08:24:29] INFO Sending audio frame, timestamp: 15157
string(39) "复制流发送数据到其他的进程"
[2026-06-28 08:24:29] INFO Sending audio frame, timestamp: 15180
string(39) "复制流发送数据到其他的进程"
[2026-06-28 08:24:29] INFO Sending video frame, timestamp: 15190
string(39) "复制流发送数据到其他的进程"
[2026-06-28 08:24:29] INFO Sending audio frame, timestamp: 15204
string(39) "复制流发送数据到其他的进程"
[2026-06-28 08:24:29] INFO Sending video frame, timestamp: 15223
string(39) "复制流发送数据到其他的进程"
[2026-06-28 08:24:29] INFO Sending audio frame, timestamp: 15227
string(39) "复制流发送数据到其他的进程"
[2026-06-28 08:24:29] INFO Sending audio frame, timestamp: 15250
string(39) "复制流发送数据到其他的进程"
[2026-06-28 08:24:29] INFO Sending video frame, timestamp: 15256
string(39) "复制流发送数据到其他的进程"
[2026-06-28 08:24:29] INFO Sending audio frame, timestamp: 15273
string(39) "复制流发送数据到其他的进程"
[2026-06-28 08:24:29] INFO Sending video frame, timestamp: 15290
string(39) "复制流发送数据到其他的进程"
[2026-06-28 08:24:29] INFO Sending audio frame, timestamp: 15297
string(39) "复制流发送数据到其他的进程"
[2026-06-28 08:24:29] INFO Sending audio frame, timestamp: 15320
string(39) "复制流发送数据到其他的进程"
[2026-06-28 08:24:29] INFO Sending video frame, timestamp: 15323
string(39) "复制流发送数据到其他的进程"
[2026-06-28 08:24:29] INFO Sending audio frame, timestamp: 15343
string(39) "复制流发送数据到其他的进程"
[2026-06-28 08:24:29] INFO Sending video frame, timestamp: 15356
string(39) "复制流发送数据到其他的进程"
[2026-06-28 08:24:29] INFO Sending audio frame, timestamp: 15366
string(39) "复制流发送数据到其他的进程"
[2026-06-28 08:24:29] INFO Sending audio frame, timestamp: 15389
string(39) "复制流发送数据到其他的进程"
[2026-06-28 08:24:29] INFO Sending video frame, timestamp: 15390
string(39) "复制流发送数据到其他的进程"
[2026-06-28 08:24:29] INFO Sending audio frame, timestamp: 15413
string(39) "复制流发送数据到其他的进程"
[2026-06-28 08:24:29] INFO Sending video frame, timestamp: 15423
string(39) "复制流发送数据到其他的进程"
[2026-06-28 08:24:29] INFO Sending audio frame, timestamp: 15436
string(39) "复制流发送数据到其他的进程"
[2026-06-28 08:24:29] INFO Sending video frame, timestamp: 15456
string(39) "复制流发送数据到其他的进程"
[2026-06-28 08:24:29] INFO Sending audio frame, timestamp: 15459
string(39) "复制流发送数据到其他的进程"
[2026-06-28 08:24:29] INFO Sending audio frame, timestamp: 15482
string(39) "复制流发送数据到其他的进程"
[2026-06-28 08:24:29] INFO Sending video frame, timestamp: 15490
string(39) "复制流发送数据到其他的进程"
[2026-06-28 08:24:29] INFO Sending audio frame, timestamp: 15506
string(39) "复制流发送数据到其他的进程"
[2026-06-28 08:24:29] INFO Sending video frame, timestamp: 15523
string(39) "复制流发送数据到其他的进程"
[2026-06-28 08:24:29] INFO Sending audio frame, timestamp: 15529
string(39) "复制流发送数据到其他的进程"
[2026-06-28 08:24:29] INFO Sending audio frame, timestamp: 15552
string(39) "复制流发送数据到其他的进程"
[2026-06-28 08:24:29] INFO Sending video frame, timestamp: 15556
string(39) "复制流发送数据到其他的进程"
[2026-06-28 08:24:29] INFO Sending audio frame, timestamp: 15575
string(39) "复制流发送数据到其他的进程"
[2026-06-28 08:24:29] INFO Sending video frame, timestamp: 15590
string(39) "复制流发送数据到其他的进程"
[2026-06-28 08:24:29] INFO Sending audio frame, timestamp: 15598
string(39) "复制流发送数据到其他的进程"
[2026-06-28 08:24:29] INFO Sending audio frame, timestamp: 15622
string(39) "复制流发送数据到其他的进程"
[2026-06-28 08:24:29] INFO Sending video frame, timestamp: 15623
string(39) "复制流发送数据到其他的进程"
[2026-06-28 08:24:29] INFO Sending audio frame, timestamp: 15645
string(39) "复制流发送数据到其他的进程"
[2026-06-28 08:24:29] INFO Sending video frame, timestamp: 15656
string(39) "复制流发送数据到其他的进程"
[2026-06-28 08:24:30] INFO Sending audio frame, timestamp: 15668
string(39) "复制流发送数据到其他的进程"
[2026-06-28 08:24:30] INFO Sending video frame, timestamp: 15690
string(39) "复制流发送数据到其他的进程"
[2026-06-28 08:24:30] INFO Sending audio frame, timestamp: 15691
string(39) "复制流发送数据到其他的进程"
[2026-06-28 08:24:30] INFO Sending audio frame, timestamp: 15715
string(39) "复制流发送数据到其他的进程"
[2026-06-28 08:24:30] INFO Sending video frame, timestamp: 15723
string(39) "复制流发送数据到其他的进程"
[2026-06-28 08:24:30] INFO Sending audio frame, timestamp: 15738
string(39) "复制流发送数据到其他的进程"
[2026-06-28 08:24:30] INFO Sending video frame, timestamp: 15756
string(39) "复制流发送数据到其他的进程"
[2026-06-28 08:24:30] INFO Sending audio frame, timestamp: 15761
string(39) "复制流发送数据到其他的进程"
[2026-06-28 08:24:30] INFO Sending audio frame, timestamp: 15784
string(39) "复制流发送数据到其他的进程"
[2026-06-28 08:24:30] INFO Sending video frame, timestamp: 15790
string(39) "复制流发送数据到其他的进程"
[2026-06-28 08:24:30] INFO Sending audio frame, timestamp: 15807
string(39) "复制流发送数据到其他的进程"
[2026-06-28 08:24:30] INFO Sending video frame, timestamp: 15823
string(39) "复制流发送数据到其他的进程"
[2026-06-28 08:24:30] INFO Sending audio frame, timestamp: 15831
string(39) "复制流发送数据到其他的进程"
[2026-06-28 08:24:30] INFO Sending audio frame, timestamp: 15854
string(39) "复制流发送数据到其他的进程"
[2026-06-28 08:24:30] INFO Sending video frame, timestamp: 15856
string(39) "复制流发送数据到其他的进程"
[2026-06-28 08:24:30] INFO Sending audio frame, timestamp: 15877
string(39) "复制流发送数据到其他的进程"
[2026-06-28 08:24:30] INFO Sending video frame, timestamp: 15890
string(39) "复制流发送数据到其他的进程"
[2026-06-28 08:24:30] INFO Sending audio frame, timestamp: 15900
string(39) "复制流发送数据到其他的进程"
[2026-06-28 08:24:30] INFO Sending video frame, timestamp: 15923
string(39) "复制流发送数据到其他的进程"
[2026-06-28 08:24:30] INFO Sending audio frame, timestamp: 15924
string(39) "复制流发送数据到其他的进程"
[2026-06-28 08:24:30] INFO Sending audio frame, timestamp: 15947
string(39) "复制流发送数据到其他的进程"
[2026-06-28 08:24:30] INFO Sending video frame, timestamp: 15956
string(39) "复制流发送数据到其他的进程"
[2026-06-28 08:24:30] INFO Sending audio frame, timestamp: 15970
string(39) "复制流发送数据到其他的进程"
[2026-06-28 08:24:30] INFO Sending video frame, timestamp: 15990
string(39) "复制流发送数据到其他的进程"
[2026-06-28 08:24:30] INFO Sending audio frame, timestamp: 15993
string(39) "复制流发送数据到其他的进程"
[2026-06-28 08:24:30] INFO Sending audio frame, timestamp: 16016
string(39) "复制流发送数据到其他的进程"
[2026-06-28 08:24:30] INFO Sending video frame, timestamp: 16023
string(39) "复制流发送数据到其他的进程"
[2026-06-28 08:24:30] INFO Sending audio frame, timestamp: 16040
string(39) "复制流发送数据到其他的进程"
[2026-06-28 08:24:30] INFO Sending video frame, timestamp: 16056
string(39) "复制流发送数据到其他的进程"
[2026-06-28 08:24:30] INFO Sending audio frame, timestamp: 16063
string(39) "复制流发送数据到其他的进程"
[2026-06-28 08:24:30] INFO Sending audio frame, timestamp: 16086
string(39) "复制流发送数据到其他的进程"
[2026-06-28 08:24:30] INFO Sending video frame, timestamp: 16090
string(39) "复制流发送数据到其他的进程"
[2026-06-28 08:24:30] INFO Sending audio frame, timestamp: 16109
string(39) "复制流发送数据到其他的进程"
[2026-06-28 08:24:30] INFO Sending video frame, timestamp: 16123
string(39) "复制流发送数据到其他的进程"
[2026-06-28 08:24:30] INFO Sending audio frame, timestamp: 16133
string(39) "复制流发送数据到其他的进程"
[2026-06-28 08:24:30] INFO Sending video frame, timestamp: 16156
string(39) "复制流发送数据到其他的进程"
[2026-06-28 08:24:30] INFO Sending audio frame, timestamp: 16156
string(39) "复制流发送数据到其他的进程"
[2026-06-28 08:24:30] INFO Sending video frame, timestamp: 16190
string(39) "复制流发送数据到其他的进程"
[2026-06-28 08:24:30] INFO Sending audio frame, timestamp: 16202
string(39) "复制流发送数据到其他的进程"
[2026-06-28 08:24:30] INFO Sending video frame, timestamp: 16223
string(39) "复制流发送数据到其他的进程"
[2026-06-28 08:24:30] INFO Sending audio frame, timestamp: 16225
string(39) "复制流发送数据到其他的进程"
[2026-06-28 08:24:30] INFO Sending audio frame, timestamp: 16249
string(39) "复制流发送数据到其他的进程"
[2026-06-28 08:24:30] INFO Sending video frame, timestamp: 16256
string(39) "复制流发送数据到其他的进程"
[2026-06-28 08:24:30] INFO Sending audio frame, timestamp: 16272
string(39) "复制流发送数据到其他的进程"
[2026-06-28 08:24:30] INFO Sending video frame, timestamp: 16290
string(39) "复制流发送数据到其他的进程"
[2026-06-28 08:24:30] INFO Sending audio frame, timestamp: 16295
string(39) "复制流发送数据到其他的进程"
[2026-06-28 08:24:30] INFO Sending audio frame, timestamp: 16318
string(39) "复制流发送数据到其他的进程"
[2026-06-28 08:24:30] INFO Sending video frame, timestamp: 16323
string(39) "复制流发送数据到其他的进程"
[2026-06-28 08:24:30] INFO Sending audio frame, timestamp: 16341
string(39) "复制流发送数据到其他的进程"
[2026-06-28 08:24:30] INFO Sending video frame, timestamp: 16356
string(39) "复制流发送数据到其他的进程"
[2026-06-28 08:24:30] INFO Sending audio frame, timestamp: 16365
string(39) "复制流发送数据到其他的进程"
[2026-06-28 08:24:30] INFO Sending audio frame, timestamp: 16388
string(39) "复制流发送数据到其他的进程"
[2026-06-28 08:24:30] INFO Sending video frame, timestamp: 16390
string(39) "复制流发送数据到其他的进程"
[2026-06-28 08:24:30] INFO Sending audio frame, timestamp: 16411
string(39) "复制流发送数据到其他的进程"
[2026-06-28 08:24:30] INFO Sending video frame, timestamp: 16423
string(39) "复制流发送数据到其他的进程"
[2026-06-28 08:24:30] INFO Sending audio frame, timestamp: 16434
string(39) "复制流发送数据到其他的进程"
[2026-06-28 08:24:30] INFO Sending video frame, timestamp: 16456
string(39) "复制流发送数据到其他的进程"
[2026-06-28 08:24:30] INFO Sending audio frame, timestamp: 16458
string(39) "复制流发送数据到其他的进程"
[2026-06-28 08:24:30] INFO Sending audio frame, timestamp: 16481
string(39) "复制流发送数据到其他的进程"
[2026-06-28 08:24:30] INFO Sending video frame, timestamp: 16490
string(39) "复制流发送数据到其他的进程"
[2026-06-28 08:24:30] INFO Sending audio frame, timestamp: 16504
string(39) "复制流发送数据到其他的进程"
[2026-06-28 08:24:30] INFO Sending video frame, timestamp: 16523
string(39) "复制流发送数据到其他的进程"
[2026-06-28 08:24:30] INFO Sending audio frame, timestamp: 16527
string(39) "复制流发送数据到其他的进程"
[2026-06-28 08:24:30] INFO Sending audio frame, timestamp: 16550
string(39) "复制流发送数据到其他的进程"
[2026-06-28 08:24:30] INFO Sending video frame, timestamp: 16556
string(39) "复制流发送数据到其他的进程"
[2026-06-28 08:24:30] INFO Sending audio frame, timestamp: 16574
string(39) "复制流发送数据到其他的进程"
[2026-06-28 08:24:30] INFO Sending video frame, timestamp: 16590
string(39) "复制流发送数据到其他的进程"
[2026-06-28 08:24:30] INFO Sending audio frame, timestamp: 16597
string(39) "复制流发送数据到其他的进程"
[2026-06-28 08:24:30] INFO Sending audio frame, timestamp: 16620
string(39) "复制流发送数据到其他的进程"
[2026-06-28 08:24:30] INFO Sending video frame, timestamp: 16623
string(39) "复制流发送数据到其他的进程"
[2026-06-28 08:24:30] INFO Sending audio frame, timestamp: 16643
string(39) "复制流发送数据到其他的进程"
[2026-06-28 08:24:30] INFO Sending video frame, timestamp: 16656
string(39) "复制流发送数据到其他的进程"
[2026-06-28 08:24:31] INFO Sending audio frame, timestamp: 16667
string(39) "复制流发送数据到其他的进程"
[2026-06-28 08:24:31] INFO Sending video frame, timestamp: 16690
string(39) "复制流发送数据到其他的进程"
[2026-06-28 08:24:31] INFO Sending audio frame, timestamp: 16690
string(39) "复制流发送数据到其他的进程"
[2026-06-28 08:24:31] INFO Sending audio frame, timestamp: 16713
string(39) "复制流发送数据到其他的进程"
[2026-06-28 08:24:31] INFO Sending video frame, timestamp: 16723
string(39) "复制流发送数据到其他的进程"
[2026-06-28 08:24:31] INFO Sending audio frame, timestamp: 16736
string(39) "复制流发送数据到其他的进程"
[2026-06-28 08:24:31] INFO Sending video frame, timestamp: 16756
string(39) "复制流发送数据到其他的进程"
[2026-06-28 08:24:31] INFO Sending audio frame, timestamp: 16759
string(39) "复制流发送数据到其他的进程"
[2026-06-28 08:24:31] INFO Sending video frame, timestamp: 16790
string(39) "复制流发送数据到其他的进程"
[2026-06-28 08:24:31] INFO Sending audio frame, timestamp: 16806
string(39) "复制流发送数据到其他的进程"
[2026-06-28 08:24:31] INFO Sending video frame, timestamp: 16823
string(39) "复制流发送数据到其他的进程"
[2026-06-28 08:24:31] INFO Sending audio frame, timestamp: 16829
string(39) "复制流发送数据到其他的进程"
[2026-06-28 08:24:31] INFO Sending audio frame, timestamp: 16852
string(39) "复制流发送数据到其他的进程"
[2026-06-28 08:24:31] INFO Sending video frame, timestamp: 16856
string(39) "复制流发送数据到其他的进程"
[2026-06-28 08:24:31] INFO Sending audio frame, timestamp: 16876
string(39) "复制流发送数据到其他的进程"
[2026-06-28 08:24:31] INFO Sending video frame, timestamp: 16890
string(39) "复制流发送数据到其他的进程"
[2026-06-28 08:24:31] INFO Sending audio frame, timestamp: 16899
string(39) "复制流发送数据到其他的进程"
[2026-06-28 08:24:31] INFO Sending audio frame, timestamp: 16922
string(39) "复制流发送数据到其他的进程"
[2026-06-28 08:24:31] INFO Sending video frame, timestamp: 16923
string(39) "复制流发送数据到其他的进程"
[2026-06-28 08:24:31] INFO Sending audio frame, timestamp: 16945
string(39) "复制流发送数据到其他的进程"
[2026-06-28 08:24:31] INFO Sending video frame, timestamp: 16956
string(39) "复制流发送数据到其他的进程"
[2026-06-28 08:24:31] INFO Sending audio frame, timestamp: 16968
string(39) "复制流发送数据到其他的进程"
[2026-06-28 08:24:31] INFO Sending video frame, timestamp: 16990
string(39) "复制流发送数据到其他的进程"
[2026-06-28 08:24:31] INFO Sending audio frame, timestamp: 16992
string(39) "复制流发送数据到其他的进程"
[2026-06-28 08:24:31] INFO Sending audio frame, timestamp: 17015
string(39) "复制流发送数据到其他的进程"
[2026-06-28 08:24:31] INFO Sending video frame, timestamp: 17023
string(39) "复制流发送数据到其他的进程"
[2026-06-28 08:24:31] INFO Sending audio frame, timestamp: 17038
string(39) "复制流发送数据到其他的进程"
[2026-06-28 08:24:31] INFO Sending video frame, timestamp: 17056
string(39) "复制流发送数据到其他的进程"
[2026-06-28 08:24:31] INFO Sending audio frame, timestamp: 17061
string(39) "复制流发送数据到其他的进程"
[2026-06-28 08:24:31] INFO Sending audio frame, timestamp: 17085
string(39) "复制流发送数据到其他的进程"
[2026-06-28 08:24:31] INFO Sending video frame, timestamp: 17090
string(39) "复制流发送数据到其他的进程"
[2026-06-28 08:24:31] INFO Sending audio frame, timestamp: 17108
string(39) "复制流发送数据到其他的进程"
[2026-06-28 08:24:31] INFO Sending video frame, timestamp: 17123
string(39) "复制流发送数据到其他的进程"
[2026-06-28 08:24:31] INFO Sending audio frame, timestamp: 17131
string(39) "复制流发送数据到其他的进程"
[2026-06-28 08:24:31] INFO Sending audio frame, timestamp: 17154
string(39) "复制流发送数据到其他的进程"
[2026-06-28 08:24:31] INFO Sending video frame, timestamp: 17156
string(39) "复制流发送数据到其他的进程"
[2026-06-28 08:24:31] INFO Sending audio frame, timestamp: 17177
string(39) "复制流发送数据到其他的进程"
[2026-06-28 08:24:31] INFO Sending video frame, timestamp: 17190
string(39) "复制流发送数据到其他的进程"
[2026-06-28 08:24:31] INFO Sending audio frame, timestamp: 17201
string(39) "复制流发送数据到其他的进程"
[2026-06-28 08:24:31] INFO Sending video frame, timestamp: 17223
string(39) "复制流发送数据到其他的进程"
[2026-06-28 08:24:31] INFO Sending audio frame, timestamp: 17224
string(39) "复制流发送数据到其他的进程"
[2026-06-28 08:24:31] INFO Sending audio frame, timestamp: 17247
string(39) "复制流发送数据到其他的进程"
[2026-06-28 08:24:31] INFO Sending video frame, timestamp: 17256
string(39) "复制流发送数据到其他的进程"
[2026-06-28 08:24:31] INFO Sending audio frame, timestamp: 17270
string(39) "复制流发送数据到其他的进程"
[2026-06-28 08:24:31] INFO Sending video frame, timestamp: 17290
string(39) "复制流发送数据到其他的进程"
[2026-06-28 08:24:31] INFO Sending audio frame, timestamp: 17294
string(39) "复制流发送数据到其他的进程"
[2026-06-28 08:24:31] INFO Sending audio frame, timestamp: 17317
string(39) "复制流发送数据到其他的进程"
[2026-06-28 08:24:31] INFO Sending video frame, timestamp: 17323
string(39) "复制流发送数据到其他的进程"
[2026-06-28 08:24:31] INFO Sending audio frame, timestamp: 17340
string(39) "复制流发送数据到其他的进程"
[2026-06-28 08:24:31] INFO Sending video frame, timestamp: 17356
string(39) "复制流发送数据到其他的进程"
[2026-06-28 08:24:31] INFO Sending audio frame, timestamp: 17363
string(39) "复制流发送数据到其他的进程"
[2026-06-28 08:24:31] INFO Sending audio frame, timestamp: 17386
string(39) "复制流发送数据到其他的进程"
[2026-06-28 08:24:31] INFO Sending video frame, timestamp: 17390
string(39) "复制流发送数据到其他的进程"
[2026-06-28 08:24:31] INFO Sending audio frame, timestamp: 17410
string(39) "复制流发送数据到其他的进程"
[2026-06-28 08:24:31] INFO Sending video frame, timestamp: 17423
string(39) "复制流发送数据到其他的进程"
[2026-06-28 08:24:31] INFO Sending audio frame, timestamp: 17433
string(39) "复制流发送数据到其他的进程"
[2026-06-28 08:24:31] INFO Sending video frame, timestamp: 17456
string(39) "复制流发送数据到其他的进程"
[2026-06-28 08:24:31] INFO Sending audio frame, timestamp: 17456
string(39) "复制流发送数据到其他的进程"
[2026-06-28 08:24:31] INFO Sending audio frame, timestamp: 17479
string(39) "复制流发送数据到其他的进程"
[2026-06-28 08:24:31] INFO Sending video frame, timestamp: 17490
string(39) "复制流发送数据到其他的进程"
[2026-06-28 08:24:31] INFO Sending audio frame, timestamp: 17502
string(39) "复制流发送数据到其他的进程"
[2026-06-28 08:24:31] INFO Sending video frame, timestamp: 17523
string(39) "复制流发送数据到其他的进程"
[2026-06-28 08:24:31] INFO Sending audio frame, timestamp: 17526
string(39) "复制流发送数据到其他的进程"
[2026-06-28 08:24:31] INFO Sending audio frame, timestamp: 17549
string(39) "复制流发送数据到其他的进程"
[2026-06-28 08:24:31] INFO Sending video frame, timestamp: 17556
string(39) "复制流发送数据到其他的进程"
[2026-06-28 08:24:31] INFO Sending audio frame, timestamp: 17572
string(39) "复制流发送数据到其他的进程"
[2026-06-28 08:24:31] INFO Sending video frame, timestamp: 17590
string(39) "复制流发送数据到其他的进程"
[2026-06-28 08:24:31] INFO Sending audio frame, timestamp: 17595
string(39) "复制流发送数据到其他的进程"
[2026-06-28 08:24:31] INFO Sending audio frame, timestamp: 17619
string(39) "复制流发送数据到其他的进程"
[2026-06-28 08:24:31] INFO Sending video frame, timestamp: 17623
string(39) "复制流发送数据到其他的进程"
[2026-06-28 08:24:31] INFO Sending audio frame, timestamp: 17642
string(39) "复制流发送数据到其他的进程"
[2026-06-28 08:24:31] INFO Sending video frame, timestamp: 17656
string(39) "复制流发送数据到其他的进程"
[2026-06-28 08:24:31] INFO Sending audio frame, timestamp: 17665
string(39) "复制流发送数据到其他的进程"
[2026-06-28 08:24:31] INFO Sending audio frame, timestamp: 17688
string(39) "复制流发送数据到其他的进程"
[2026-06-28 08:24:31] INFO Sending video frame, timestamp: 17690
string(39) "复制流发送数据到其他的进程"
[2026-06-28 08:24:31] INFO Sending audio frame, timestamp: 17711
string(39) "复制流发送数据到其他的进程"
[2026-06-28 08:24:31] INFO Sending video frame, timestamp: 17723
string(39) "复制流发送数据到其他的进程"
[2026-06-28 08:24:31] INFO Sending audio frame, timestamp: 17735
string(39) "复制流发送数据到其他的进程"
[2026-06-28 08:24:31] INFO Sending video frame, timestamp: 17756
string(39) "复制流发送数据到其他的进程"
[2026-06-28 08:24:32] INFO Sending audio frame, timestamp: 17758
string(39) "复制流发送数据到其他的进程"
[2026-06-28 08:24:32] INFO Sending audio frame, timestamp: 17781
string(39) "复制流发送数据到其他的进程"
[2026-06-28 08:24:32] INFO Sending video frame, timestamp: 17790
string(39) "复制流发送数据到其他的进程"
[2026-06-28 08:24:32] INFO Sending audio frame, timestamp: 17804
string(39) "复制流发送数据到其他的进程"
[2026-06-28 08:24:32] INFO Sending video frame, timestamp: 17823
string(39) "复制流发送数据到其他的进程"
[2026-06-28 08:24:32] INFO Sending audio frame, timestamp: 17828
string(39) "复制流发送数据到其他的进程"
[2026-06-28 08:24:32] INFO Sending audio frame, timestamp: 17851
string(39) "复制流发送数据到其他的进程"
[2026-06-28 08:24:32] INFO Sending video frame, timestamp: 17856
string(39) "复制流发送数据到其他的进程"
[2026-06-28 08:24:32] INFO Sending audio frame, timestamp: 17874
string(39) "复制流发送数据到其他的进程"
[2026-06-28 08:24:32] INFO Sending video frame, timestamp: 17890
string(39) "复制流发送数据到其他的进程"
[2026-06-28 08:24:32] INFO Sending audio frame, timestamp: 17897
string(39) "复制流发送数据到其他的进程"
[2026-06-28 08:24:32] INFO Sending audio frame, timestamp: 17920
string(39) "复制流发送数据到其他的进程"
[2026-06-28 08:24:32] INFO Sending video frame, timestamp: 17923
string(39) "复制流发送数据到其他的进程"
[2026-06-28 08:24:32] INFO Sending audio frame, timestamp: 17944
string(39) "复制流发送数据到其他的进程"
[2026-06-28 08:24:32] INFO Sending video frame, timestamp: 17956
string(39) "复制流发送数据到其他的进程"
[2026-06-28 08:24:32] INFO Sending audio frame, timestamp: 17967
string(39) "复制流发送数据到其他的进程"
[2026-06-28 08:24:32] INFO Sending video frame, timestamp: 17990
string(39) "复制流发送数据到其他的进程"
[2026-06-28 08:24:32] INFO Sending audio frame, timestamp: 17990
string(39) "复制流发送数据到其他的进程"
[2026-06-28 08:24:32] INFO Sending audio frame, timestamp: 18013
string(39) "复制流发送数据到其他的进程"
[2026-06-28 08:24:32] INFO Sending video frame, timestamp: 18023
string(39) "复制流发送数据到其他的进程"
[2026-06-28 08:24:32] INFO Sending audio frame, timestamp: 18037
string(39) "复制流发送数据到其他的进程"
[2026-06-28 08:24:32] INFO Sending video frame, timestamp: 18056
string(39) "复制流发送数据到其他的进程"
[2026-06-28 08:24:32] INFO Sending audio frame, timestamp: 18060
string(39) "复制流发送数据到其他的进程"
[2026-06-28 08:24:32] INFO Sending audio frame, timestamp: 18083
string(39) "复制流发送数据到其他的进程"
[2026-06-28 08:24:32] INFO Sending video frame, timestamp: 18090
string(39) "复制流发送数据到其他的进程"
[2026-06-28 08:24:32] INFO Sending audio frame, timestamp: 18106
string(39) "复制流发送数据到其他的进程"
[2026-06-28 08:24:32] INFO Sending video frame, timestamp: 18123
string(39) "复制流发送数据到其他的进程"
[2026-06-28 08:24:32] INFO Sending audio frame, timestamp: 18129
string(39) "复制流发送数据到其他的进程"
[2026-06-28 08:24:32] INFO Sending audio frame, timestamp: 18153
string(39) "复制流发送数据到其他的进程"
[2026-06-28 08:24:32] INFO Sending video frame, timestamp: 18156
string(39) "复制流发送数据到其他的进程"
[2026-06-28 08:24:32] INFO Sending audio frame, timestamp: 18176
string(39) "复制流发送数据到其他的进程"
[2026-06-28 08:24:32] INFO Sending video frame, timestamp: 18190
string(39) "复制流发送数据到其他的进程"
[2026-06-28 08:24:32] INFO Sending audio frame, timestamp: 18199
string(39) "复制流发送数据到其他的进程"
[2026-06-28 08:24:32] INFO Sending audio frame, timestamp: 18222
string(39) "复制流发送数据到其他的进程"
[2026-06-28 08:24:32] INFO Sending video frame, timestamp: 18223
string(39) "复制流发送数据到其他的进程"
[2026-06-28 08:24:32] INFO Sending audio frame, timestamp: 18246
string(39) "复制流发送数据到其他的进程"
[2026-06-28 08:24:32] INFO Sending video frame, timestamp: 18256
string(39) "复制流发送数据到其他的进程"
[2026-06-28 08:24:32] INFO Sending audio frame, timestamp: 18269
string(39) "复制流发送数据到其他的进程"
[2026-06-28 08:24:32] INFO Sending video frame, timestamp: 18290
string(39) "复制流发送数据到其他的进程"
[2026-06-28 08:24:32] INFO Sending audio frame, timestamp: 18292
string(39) "复制流发送数据到其他的进程"
[2026-06-28 08:24:32] INFO Sending audio frame, timestamp: 18315
string(39) "复制流发送数据到其他的进程"
[2026-06-28 08:24:32] INFO Sending video frame, timestamp: 18323
string(39) "复制流发送数据到其他的进程"
[2026-06-28 08:24:32] INFO Sending audio frame, timestamp: 18338
string(39) "复制流发送数据到其他的进程"
[2026-06-28 08:24:32] INFO Sending video frame, timestamp: 18356
string(39) "复制流发送数据到其他的进程"
[2026-06-28 08:24:32] INFO Sending audio frame, timestamp: 18362
string(39) "复制流发送数据到其他的进程"
[2026-06-28 08:24:32] INFO Sending audio frame, timestamp: 18385
string(39) "复制流发送数据到其他的进程"
[2026-06-28 08:24:32] INFO Sending video frame, timestamp: 18390
string(39) "复制流发送数据到其他的进程"
[2026-06-28 08:24:32] INFO Sending audio frame, timestamp: 18408
string(39) "复制流发送数据到其他的进程"
[2026-06-28 08:24:32] INFO Sending video frame, timestamp: 18423
string(39) "复制流发送数据到其他的进程"
[2026-06-28 08:24:32] INFO Sending audio frame, timestamp: 18431
string(39) "复制流发送数据到其他的进程"
[2026-06-28 08:24:32] INFO Sending audio frame, timestamp: 18455
string(39) "复制流发送数据到其他的进程"
[2026-06-28 08:24:32] INFO Sending video frame, timestamp: 18456
string(39) "复制流发送数据到其他的进程"
[2026-06-28 08:24:32] INFO Sending audio frame, timestamp: 18478
string(39) "复制流发送数据到其他的进程"
[2026-06-28 08:24:32] INFO Sending video frame, timestamp: 18490
string(39) "复制流发送数据到其他的进程"
[2026-06-28 08:24:32] INFO Sending audio frame, timestamp: 18501
string(39) "复制流发送数据到其他的进程"
[2026-06-28 08:24:32] INFO Sending video frame, timestamp: 18523
string(39) "复制流发送数据到其他的进程"
[2026-06-28 08:24:32] INFO Sending audio frame, timestamp: 18524
string(39) "复制流发送数据到其他的进程"
[2026-06-28 08:24:32] INFO Sending audio frame, timestamp: 18547
string(39) "复制流发送数据到其他的进程"
[2026-06-28 08:24:32] INFO Sending video frame, timestamp: 18556
string(39) "复制流发送数据到其他的进程"
[2026-06-28 08:24:32] INFO Sending audio frame, timestamp: 18571
string(39) "复制流发送数据到其他的进程"
[2026-06-28 08:24:32] INFO Sending video frame, timestamp: 18590
string(39) "复制流发送数据到其他的进程"
[2026-06-28 08:24:32] INFO Sending audio frame, timestamp: 18594
string(39) "复制流发送数据到其他的进程"
[2026-06-28 08:24:32] INFO Sending audio frame, timestamp: 18617
string(39) "复制流发送数据到其他的进程"
[2026-06-28 08:24:32] INFO Sending video frame, timestamp: 18623
string(39) "复制流发送数据到其他的进程"
[2026-06-28 08:24:33] INFO Sending audio frame, timestamp: 18640
string(39) "复制流发送数据到其他的进程"
[2026-06-28 08:24:33] INFO Sending video frame, timestamp: 18656
string(39) "复制流发送数据到其他的进程"
[2026-06-28 08:24:33] INFO Sending audio frame, timestamp: 18663
string(39) "复制流发送数据到其他的进程"
[2026-06-28 08:24:33] INFO Sending audio frame, timestamp: 18687
string(39) "复制流发送数据到其他的进程"
[2026-06-28 08:24:33] INFO Sending video frame, timestamp: 18690
string(39) "复制流发送数据到其他的进程"
[2026-06-28 08:24:33] INFO Sending audio frame, timestamp: 18710
string(39) "复制流发送数据到其他的进程"
[2026-06-28 08:24:33] INFO Sending video frame, timestamp: 18723
string(39) "复制流发送数据到其他的进程"
[2026-06-28 08:24:33] INFO Sending audio frame, timestamp: 18733
string(39) "复制流发送数据到其他的进程"
[2026-06-28 08:24:33] INFO Sending video frame, timestamp: 18756
string(39) "复制流发送数据到其他的进程"
[2026-06-28 08:24:33] INFO Sending audio frame, timestamp: 18756
string(39) "复制流发送数据到其他的进程"
[2026-06-28 08:24:33] INFO Sending audio frame, timestamp: 18780
string(39) "复制流发送数据到其他的进程"
[2026-06-28 08:24:33] INFO Sending video frame, timestamp: 18790
string(39) "复制流发送数据到其他的进程"
[2026-06-28 08:24:33] INFO Sending audio frame, timestamp: 18803
string(39) "复制流发送数据到其他的进程"
[2026-06-28 08:24:33] INFO Sending video frame, timestamp: 18823
string(39) "复制流发送数据到其他的进程"
[2026-06-28 08:24:33] INFO Sending audio frame, timestamp: 18826
string(39) "复制流发送数据到其他的进程"
[2026-06-28 08:24:33] INFO Sending audio frame, timestamp: 18849
string(39) "复制流发送数据到其他的进程"
[2026-06-28 08:24:33] INFO Sending video frame, timestamp: 18856
string(39) "复制流发送数据到其他的进程"
[2026-06-28 08:24:33] INFO Sending audio frame, timestamp: 18872
string(39) "复制流发送数据到其他的进程"
[2026-06-28 08:24:33] INFO Sending video frame, timestamp: 18890
string(39) "复制流发送数据到其他的进程"
[2026-06-28 08:24:33] INFO Sending audio frame, timestamp: 18896
string(39) "复制流发送数据到其他的进程"
[2026-06-28 08:24:33] INFO Sending audio frame, timestamp: 18919
string(39) "复制流发送数据到其他的进程"
[2026-06-28 08:24:33] INFO Sending video frame, timestamp: 18923
string(39) "复制流发送数据到其他的进程"
[2026-06-28 08:24:33] INFO Sending audio frame, timestamp: 18942
string(39) "复制流发送数据到其他的进程"
[2026-06-28 08:24:33] INFO Sending video frame, timestamp: 18956
string(39) "复制流发送数据到其他的进程"
[2026-06-28 08:24:33] INFO Sending audio frame, timestamp: 18965
string(39) "复制流发送数据到其他的进程"
[2026-06-28 08:24:33] INFO Sending audio frame, timestamp: 18989
string(39) "复制流发送数据到其他的进程"
[2026-06-28 08:24:33] INFO Sending video frame, timestamp: 18990
string(39) "复制流发送数据到其他的进程"
[2026-06-28 08:24:33] INFO Sending audio frame, timestamp: 19012
string(39) "复制流发送数据到其他的进程"
[2026-06-28 08:24:33] INFO Sending video frame, timestamp: 19023
string(39) "复制流发送数据到其他的进程"
[2026-06-28 08:24:33] INFO Sending audio frame, timestamp: 19035
string(39) "复制流发送数据到其他的进程"
[2026-06-28 08:24:33] INFO Sending video frame, timestamp: 19056
string(39) "复制流发送数据到其他的进程"
[2026-06-28 08:24:33] INFO Sending audio frame, timestamp: 19058
string(39) "复制流发送数据到其他的进程"
[2026-06-28 08:24:33] INFO Sending audio frame, timestamp: 19081
string(39) "复制流发送数据到其他的进程"
[2026-06-28 08:24:33] INFO Sending video frame, timestamp: 19090
string(39) "复制流发送数据到其他的进程"
[2026-06-28 08:24:33] INFO Sending audio frame, timestamp: 19105
string(39) "复制流发送数据到其他的进程"
[2026-06-28 08:24:33] INFO Sending video frame, timestamp: 19123
string(39) "复制流发送数据到其他的进程"
[2026-06-28 08:24:33] INFO Sending audio frame, timestamp: 19128
string(39) "复制流发送数据到其他的进程"
[2026-06-28 08:24:33] INFO Sending audio frame, timestamp: 19151
string(39) "复制流发送数据到其他的进程"
[2026-06-28 08:24:33] INFO Sending video frame, timestamp: 19156
string(39) "复制流发送数据到其他的进程"
[2026-06-28 08:24:33] INFO Sending audio frame, timestamp: 19174
string(39) "复制流发送数据到其他的进程"
[2026-06-28 08:24:33] INFO Sending video frame, timestamp: 19190
string(39) "复制流发送数据到其他的进程"
[2026-06-28 08:24:33] INFO Sending audio frame, timestamp: 19198
string(39) "复制流发送数据到其他的进程"
[2026-06-28 08:24:33] INFO Sending audio frame, timestamp: 19221
string(39) "复制流发送数据到其他的进程"
[2026-06-28 08:24:33] INFO Sending video frame, timestamp: 19223
string(39) "复制流发送数据到其他的进程"
[2026-06-28 08:24:33] INFO Sending audio frame, timestamp: 19244
string(39) "复制流发送数据到其他的进程"
[2026-06-28 08:24:33] INFO Sending video frame, timestamp: 19256
string(39) "复制流发送数据到其他的进程"
[2026-06-28 08:24:33] INFO Sending audio frame, timestamp: 19267
string(39) "复制流发送数据到其他的进程"
[2026-06-28 08:24:33] INFO Sending video frame, timestamp: 19290
string(39) "复制流发送数据到其他的进程"
[2026-06-28 08:24:33] INFO Sending audio frame, timestamp: 19290
string(39) "复制流发送数据到其他的进程"
[2026-06-28 08:24:33] INFO Sending audio frame, timestamp: 19314
string(39) "复制流发送数据到其他的进程"
[2026-06-28 08:24:33] INFO Sending video frame, timestamp: 19323
string(39) "复制流发送数据到其他的进程"
[2026-06-28 08:24:33] INFO Sending audio frame, timestamp: 19337
string(39) "复制流发送数据到其他的进程"
[2026-06-28 08:24:33] INFO Sending video frame, timestamp: 19356
string(39) "复制流发送数据到其他的进程"
[2026-06-28 08:24:33] INFO Sending audio frame, timestamp: 19360
string(39) "复制流发送数据到其他的进程"
[2026-06-28 08:24:33] INFO Sending audio frame, timestamp: 19383
string(39) "复制流发送数据到其他的进程"
[2026-06-28 08:24:33] INFO Sending video frame, timestamp: 19390
string(39) "复制流发送数据到其他的进程"
[2026-06-28 08:24:33] INFO Sending audio frame, timestamp: 19407
string(39) "复制流发送数据到其他的进程"
[2026-06-28 08:24:33] INFO Sending video frame, timestamp: 19423
string(39) "复制流发送数据到其他的进程"
[2026-06-28 08:24:33] INFO Sending audio frame, timestamp: 19430
string(39) "复制流发送数据到其他的进程"
[2026-06-28 08:24:33] INFO Sending audio frame, timestamp: 19453
string(39) "复制流发送数据到其他的进程"
[2026-06-28 08:24:33] INFO Sending video frame, timestamp: 19456
string(39) "复制流发送数据到其他的进程"
[2026-06-28 08:24:33] INFO Sending audio frame, timestamp: 19476
string(39) "复制流发送数据到其他的进程"
[2026-06-28 08:24:33] INFO Sending video frame, timestamp: 19490
string(39) "复制流发送数据到其他的进程"
[2026-06-28 08:24:33] INFO Sending audio frame, timestamp: 19499
string(39) "复制流发送数据到其他的进程"
[2026-06-28 08:24:33] INFO Sending video frame, timestamp: 19523
string(39) "复制流发送数据到其他的进程"
[2026-06-28 08:24:33] INFO Sending audio frame, timestamp: 19523
string(39) "复制流发送数据到其他的进程"
[2026-06-28 08:24:33] INFO Sending audio frame, timestamp: 19546
string(39) "复制流发送数据到其他的进程"
[2026-06-28 08:24:33] INFO Sending video frame, timestamp: 19556
string(39) "复制流发送数据到其他的进程"
[2026-06-28 08:24:33] INFO Sending audio frame, timestamp: 19569
string(39) "复制流发送数据到其他的进程"
[2026-06-28 08:24:33] INFO Sending video frame, timestamp: 19590
string(39) "复制流发送数据到其他的进程"
[2026-06-28 08:24:33] INFO Sending audio frame, timestamp: 19592
string(39) "复制流发送数据到其他的进程"
[2026-06-28 08:24:33] INFO Sending audio frame, timestamp: 19616
string(39) "复制流发送数据到其他的进程"
[2026-06-28 08:24:33] INFO Sending video frame, timestamp: 19623
string(39) "复制流发送数据到其他的进程"
[2026-06-28 08:24:34] INFO Sending audio frame, timestamp: 19639
string(39) "复制流发送数据到其他的进程"
[2026-06-28 08:24:34] INFO Sending video frame, timestamp: 19656
string(39) "复制流发送数据到其他的进程"
[2026-06-28 08:24:34] INFO Sending audio frame, timestamp: 19662
string(39) "复制流发送数据到其他的进程"
[2026-06-28 08:24:34] INFO Sending audio frame, timestamp: 19685
string(39) "复制流发送数据到其他的进程"
[2026-06-28 08:24:34] INFO Sending video frame, timestamp: 19690
string(39) "复制流发送数据到其他的进程"
[2026-06-28 08:24:34] INFO Sending audio frame, timestamp: 19708
string(39) "复制流发送数据到其他的进程"
[2026-06-28 08:24:34] INFO Sending video frame, timestamp: 19723
string(39) "复制流发送数据到其他的进程"
[2026-06-28 08:24:34] INFO Sending audio frame, timestamp: 19732
string(39) "复制流发送数据到其他的进程"
[2026-06-28 08:24:34] INFO Sending audio frame, timestamp: 19755
string(39) "复制流发送数据到其他的进程"
[2026-06-28 08:24:34] INFO Sending video frame, timestamp: 19756
string(39) "复制流发送数据到其他的进程"
[2026-06-28 08:24:34] INFO Sending audio frame, timestamp: 19778
string(39) "复制流发送数据到其他的进程"
[2026-06-28 08:24:34] INFO Sending video frame, timestamp: 19790
string(39) "复制流发送数据到其他的进程"
[2026-06-28 08:24:34] INFO Sending audio frame, timestamp: 19801
string(39) "复制流发送数据到其他的进程"
[2026-06-28 08:24:34] INFO Sending video frame, timestamp: 19823
string(39) "复制流发送数据到其他的进程"
[2026-06-28 08:24:34] INFO Sending audio frame, timestamp: 19824
string(39) "复制流发送数据到其他的进程"
[2026-06-28 08:24:34] INFO Sending audio frame, timestamp: 19848
string(39) "复制流发送数据到其他的进程"
[2026-06-28 08:24:34] INFO Sending video frame, timestamp: 19856
string(39) "复制流发送数据到其他的进程"
[2026-06-28 08:24:34] INFO Sending audio frame, timestamp: 19889
string(39) "复制流发送数据到其他的进程"
[2026-06-28 08:24:34] INFO Sending video frame, timestamp: 19890
string(39) "复制流发送数据到其他的进程"
[2026-06-28 08:24:34] INFO Sending audio frame, timestamp: 19912
string(39) "复制流发送数据到其他的进程"
[2026-06-28 08:24:34] INFO Sending audio frame, timestamp: 19935
string(39) "复制流发送数据到其他的进程"
[2026-06-28 08:24:34] INFO Sending video frame, timestamp: 19956
string(39) "复制流发送数据到其他的进程"
[2026-06-28 08:24:34] INFO Sending audio frame, timestamp: 19959
string(39) "复制流发送数据到其他的进程"
[2026-06-28 08:24:34] INFO Sending audio frame, timestamp: 19982
string(39) "复制流发送数据到其他的进程"
[2026-06-28 08:24:34] INFO Sending video frame, timestamp: 19990
string(39) "复制流发送数据到其他的进程"
[2026-06-28 08:24:34] INFO Sending audio frame, timestamp: 20005
string(39) "复制流发送数据到其他的进程"
[2026-06-28 08:24:34] INFO Sending video frame, timestamp: 20023
string(39) "复制流发送数据到其他的进程"
[2026-06-28 08:24:34] INFO Sending audio frame, timestamp: 20028
string(39) "复制流发送数据到其他的进程"
[2026-06-28 08:24:34] INFO Sending audio frame, timestamp: 20052
string(39) "复制流发送数据到其他的进程"
[2026-06-28 08:24:34] INFO Sending video frame, timestamp: 20056
string(39) "复制流发送数据到其他的进程"
[2026-06-28 08:24:34] INFO Sending audio frame, timestamp: 20075
string(39) "复制流发送数据到其他的进程"
[2026-06-28 08:24:34] INFO Sending video frame, timestamp: 20090
string(39) "复制流发送数据到其他的进程"
[2026-06-28 08:24:34] INFO Sending audio frame, timestamp: 20098
string(39) "复制流发送数据到其他的进程"
[2026-06-28 08:24:34] INFO Sending audio frame, timestamp: 20121
string(39) "复制流发送数据到其他的进程"
[2026-06-28 08:24:34] INFO Sending video frame, timestamp: 20123
string(39) "复制流发送数据到其他的进程"
[2026-06-28 08:24:34] INFO Sending audio frame, timestamp: 20144
string(39) "复制流发送数据到其他的进程"
[2026-06-28 08:24:34] INFO Sending video frame, timestamp: 20156
string(39) "复制流发送数据到其他的进程"
[2026-06-28 08:24:34] INFO Sending audio frame, timestamp: 20168
string(39) "复制流发送数据到其他的进程"
[2026-06-28 08:24:34] INFO Sending video frame, timestamp: 20190
string(39) "复制流发送数据到其他的进程"
[2026-06-28 08:24:34] INFO Sending audio frame, timestamp: 20191
string(39) "复制流发送数据到其他的进程"
[2026-06-28 08:24:34] INFO Sending audio frame, timestamp: 20214
string(39) "复制流发送数据到其他的进程"
[2026-06-28 08:24:34] INFO Sending video frame, timestamp: 20223
string(39) "复制流发送数据到其他的进程"
[2026-06-28 08:24:34] INFO Sending audio frame, timestamp: 20237
string(39) "复制流发送数据到其他的进程"
[2026-06-28 08:24:34] INFO Sending video frame, timestamp: 20256
string(39) "复制流发送数据到其他的进程"
[2026-06-28 08:24:34] INFO Sending audio frame, timestamp: 20261
string(39) "复制流发送数据到其他的进程"
[2026-06-28 08:24:34] INFO Sending audio frame, timestamp: 20284
string(39) "复制流发送数据到其他的进程"
[2026-06-28 08:24:34] INFO Sending video frame, timestamp: 20290
string(39) "复制流发送数据到其他的进程"
[2026-06-28 08:24:34] INFO Sending audio frame, timestamp: 20307
string(39) "复制流发送数据到其他的进程"
[2026-06-28 08:24:34] INFO Sending video frame, timestamp: 20323
string(39) "复制流发送数据到其他的进程"
[2026-06-28 08:24:34] INFO Sending audio frame, timestamp: 20330
string(39) "复制流发送数据到其他的进程"
[2026-06-28 08:24:34] INFO Sending audio frame, timestamp: 20353
string(39) "复制流发送数据到其他的进程"
[2026-06-28 08:24:34] INFO Sending video frame, timestamp: 20356
string(39) "复制流发送数据到其他的进程"
[2026-06-28 08:24:34] INFO Sending audio frame, timestamp: 20377
string(39) "复制流发送数据到其他的进程"
[2026-06-28 08:24:34] INFO Sending video frame, timestamp: 20390
string(39) "复制流发送数据到其他的进程"
[2026-06-28 08:24:34] INFO Sending audio frame, timestamp: 20400
string(39) "复制流发送数据到其他的进程"
[2026-06-28 08:24:34] INFO Sending video frame, timestamp: 20423
string(39) "复制流发送数据到其他的进程"
[2026-06-28 08:24:34] INFO Sending audio frame, timestamp: 20423
string(39) "复制流发送数据到其他的进程"
[2026-06-28 08:24:34] INFO Sending audio frame, timestamp: 20446
string(39) "复制流发送数据到其他的进程"
[2026-06-28 08:24:34] INFO Sending video frame, timestamp: 20456
string(39) "复制流发送数据到其他的进程"
[2026-06-28 08:24:34] INFO Sending audio frame, timestamp: 20469
string(39) "复制流发送数据到其他的进程"
[2026-06-28 08:24:34] INFO Sending video frame, timestamp: 20490
string(39) "复制流发送数据到其他的进程"
[2026-06-28 08:24:34] INFO Sending audio frame, timestamp: 20493
string(39) "复制流发送数据到其他的进程"
[2026-06-28 08:24:34] INFO Sending audio frame, timestamp: 20516
string(39) "复制流发送数据到其他的进程"
[2026-06-28 08:24:34] INFO Sending video frame, timestamp: 20523
string(39) "复制流发送数据到其他的进程"
[2026-06-28 08:24:34] INFO Sending audio frame, timestamp: 20539
string(39) "复制流发送数据到其他的进程"
[2026-06-28 08:24:34] INFO Sending video frame, timestamp: 20556
string(39) "复制流发送数据到其他的进程"
[2026-06-28 08:24:34] INFO Sending audio frame, timestamp: 20562
string(39) "复制流发送数据到其他的进程"
[2026-06-28 08:24:34] INFO Sending audio frame, timestamp: 20586
string(39) "复制流发送数据到其他的进程"
[2026-06-28 08:24:34] INFO Sending video frame, timestamp: 20590
string(39) "复制流发送数据到其他的进程"
[2026-06-28 08:24:34] INFO Sending audio frame, timestamp: 20609
string(39) "复制流发送数据到其他的进程"
[2026-06-28 08:24:34] INFO Sending video frame, timestamp: 20623
string(39) "复制流发送数据到其他的进程"
[2026-06-28 08:24:34] INFO Sending audio frame, timestamp: 20632
string(39) "复制流发送数据到其他的进程"
[2026-06-28 08:24:34] INFO Sending audio frame, timestamp: 20655
string(39) "复制流发送数据到其他的进程"
[2026-06-28 08:24:34] INFO Sending video frame, timestamp: 20656
string(39) "复制流发送数据到其他的进程"
[2026-06-28 08:24:35] INFO Sending audio frame, timestamp: 20678
string(39) "复制流发送数据到其他的进程"
[2026-06-28 08:24:35] INFO Sending video frame, timestamp: 20690
string(39) "复制流发送数据到其他的进程"
[2026-06-28 08:24:35] INFO Sending audio frame, timestamp: 20702
string(39) "复制流发送数据到其他的进程"
[2026-06-28 08:24:35] INFO Sending video frame, timestamp: 20723
string(39) "复制流发送数据到其他的进程"
[2026-06-28 08:24:35] INFO Sending audio frame, timestamp: 20725
string(39) "复制流发送数据到其他的进程"
[2026-06-28 08:24:35] INFO Sending audio frame, timestamp: 20748
string(39) "复制流发送数据到其他的进程"
[2026-06-28 08:24:35] INFO Sending video frame, timestamp: 20756
string(39) "复制流发送数据到其他的进程"
[2026-06-28 08:24:35] INFO Sending audio frame, timestamp: 20771
string(39) "复制流发送数据到其他的进程"
[2026-06-28 08:24:35] INFO Sending video frame, timestamp: 20790
string(39) "复制流发送数据到其他的进程"
[2026-06-28 08:24:35] INFO Sending audio frame, timestamp: 20795
string(39) "复制流发送数据到其他的进程"
[2026-06-28 08:24:35] INFO Sending audio frame, timestamp: 20818
string(39) "复制流发送数据到其他的进程"
[2026-06-28 08:24:35] INFO Sending video frame, timestamp: 20823
string(39) "复制流发送数据到其他的进程"
[2026-06-28 08:24:35] INFO Sending audio frame, timestamp: 20841
string(39) "复制流发送数据到其他的进程"
[2026-06-28 08:24:35] INFO Sending video frame, timestamp: 20856
string(39) "复制流发送数据到其他的进程"
[2026-06-28 08:24:35] INFO Sending audio frame, timestamp: 20864
string(39) "复制流发送数据到其他的进程"
[2026-06-28 08:24:35] INFO Sending audio frame, timestamp: 20887
string(39) "复制流发送数据到其他的进程"
[2026-06-28 08:24:35] INFO Sending video frame, timestamp: 20890
string(39) "复制流发送数据到其他的进程"
[2026-06-28 08:24:35] INFO Sending audio frame, timestamp: 20911
string(39) "复制流发送数据到其他的进程"
[2026-06-28 08:24:35] INFO Sending video frame, timestamp: 20923
string(39) "复制流发送数据到其他的进程"
[2026-06-28 08:24:35] INFO Sending audio frame, timestamp: 20934
string(39) "复制流发送数据到其他的进程"
[2026-06-28 08:24:35] INFO Sending video frame, timestamp: 20956
string(39) "复制流发送数据到其他的进程"
[2026-06-28 08:24:35] INFO Sending audio frame, timestamp: 20957
string(39) "复制流发送数据到其他的进程"
[2026-06-28 08:24:35] INFO Sending audio frame, timestamp: 20980
string(39) "复制流发送数据到其他的进程"
[2026-06-28 08:24:35] INFO Sending video frame, timestamp: 20990
string(39) "复制流发送数据到其他的进程"
[2026-06-28 08:24:35] INFO Sending audio frame, timestamp: 21004
string(39) "复制流发送数据到其他的进程"
[2026-06-28 08:24:35] INFO Sending video frame, timestamp: 21023
string(39) "复制流发送数据到其他的进程"
[2026-06-28 08:24:35] INFO Sending audio frame, timestamp: 21027
string(39) "复制流发送数据到其他的进程"
[2026-06-28 08:24:35] INFO Sending audio frame, timestamp: 21050
string(39) "复制流发送数据到其他的进程"
[2026-06-28 08:24:35] INFO Sending video frame, timestamp: 21056
string(39) "复制流发送数据到其他的进程"
[2026-06-28 08:24:35] INFO Sending audio frame, timestamp: 21073
string(39) "复制流发送数据到其他的进程"
[2026-06-28 08:24:35] INFO Sending video frame, timestamp: 21090
string(39) "复制流发送数据到其他的进程"
[2026-06-28 08:24:35] INFO Sending audio frame, timestamp: 21096
string(39) "复制流发送数据到其他的进程"
[2026-06-28 08:24:35] INFO Sending audio frame, timestamp: 21120
string(39) "复制流发送数据到其他的进程"
[2026-06-28 08:24:35] INFO Sending video frame, timestamp: 21123
string(39) "复制流发送数据到其他的进程"
[2026-06-28 08:24:35] INFO Sending audio frame, timestamp: 21143
string(39) "复制流发送数据到其他的进程"
[2026-06-28 08:24:35] INFO Sending video frame, timestamp: 21156
string(39) "复制流发送数据到其他的进程"
[2026-06-28 08:24:35] INFO Sending audio frame, timestamp: 21166
string(39) "复制流发送数据到其他的进程"
[2026-06-28 08:24:35] INFO Sending audio frame, timestamp: 21189
string(39) "复制流发送数据到其他的进程"
[2026-06-28 08:24:35] INFO Sending video frame, timestamp: 21190
string(39) "复制流发送数据到其他的进程"
[2026-06-28 08:24:35] INFO Sending audio frame, timestamp: 21213
string(39) "复制流发送数据到其他的进程"
[2026-06-28 08:24:35] INFO Sending video frame, timestamp: 21223
string(39) "复制流发送数据到其他的进程"
[2026-06-28 08:24:35] INFO Sending audio frame, timestamp: 21236
string(39) "复制流发送数据到其他的进程"
[2026-06-28 08:24:35] INFO Sending video frame, timestamp: 21256
string(39) "复制流发送数据到其他的进程"
[2026-06-28 08:24:35] INFO Sending audio frame, timestamp: 21259
string(39) "复制流发送数据到其他的进程"
[2026-06-28 08:24:35] INFO Sending audio frame, timestamp: 21282
string(39) "复制流发送数据到其他的进程"
[2026-06-28 08:24:35] INFO Sending video frame, timestamp: 21290
string(39) "复制流发送数据到其他的进程"
[2026-06-28 08:24:35] INFO Sending audio frame, timestamp: 21305
string(39) "复制流发送数据到其他的进程"
[2026-06-28 08:24:35] INFO Sending video frame, timestamp: 21323
string(39) "复制流发送数据到其他的进程"
[2026-06-28 08:24:35] INFO Sending audio frame, timestamp: 21329
string(39) "复制流发送数据到其他的进程"
[2026-06-28 08:24:35] INFO Sending audio frame, timestamp: 21352
string(39) "复制流发送数据到其他的进程"
[2026-06-28 08:24:35] INFO Sending video frame, timestamp: 21356
string(39) "复制流发送数据到其他的进程"
[2026-06-28 08:24:35] INFO Sending audio frame, timestamp: 21375
string(39) "复制流发送数据到其他的进程"
[2026-06-28 08:24:35] INFO Sending video frame, timestamp: 21390
string(39) "复制流发送数据到其他的进程"
[2026-06-28 08:24:35] INFO Sending audio frame, timestamp: 21398
string(39) "复制流发送数据到其他的进程"
[2026-06-28 08:24:35] INFO Sending audio frame, timestamp: 21422
string(39) "复制流发送数据到其他的进程"
[2026-06-28 08:24:35] INFO Sending video frame, timestamp: 21423
string(39) "复制流发送数据到其他的进程"
[2026-06-28 08:24:35] INFO Sending audio frame, timestamp: 21445
string(39) "复制流发送数据到其他的进程"
[2026-06-28 08:24:35] INFO Sending video frame, timestamp: 21456
string(39) "复制流发送数据到其他的进程"
[2026-06-28 08:24:35] INFO Sending audio frame, timestamp: 21468
string(39) "复制流发送数据到其他的进程"
[2026-06-28 08:24:35] INFO Sending video frame, timestamp: 21490
string(39) "复制流发送数据到其他的进程"
[2026-06-28 08:24:35] INFO Sending audio frame, timestamp: 21491
string(39) "复制流发送数据到其他的进程"
[2026-06-28 08:24:35] INFO Sending audio frame, timestamp: 21514
string(39) "复制流发送数据到其他的进程"
[2026-06-28 08:24:35] INFO Sending video frame, timestamp: 21523
string(39) "复制流发送数据到其他的进程"
[2026-06-28 08:24:35] INFO Sending audio frame, timestamp: 21538
string(39) "复制流发送数据到其他的进程"
[2026-06-28 08:24:35] INFO Sending video frame, timestamp: 21556
string(39) "复制流发送数据到其他的进程"
[2026-06-28 08:24:35] INFO Sending audio frame, timestamp: 21561
string(39) "复制流发送数据到其他的进程"
[2026-06-28 08:24:35] INFO Sending audio frame, timestamp: 21584
string(39) "复制流发送数据到其他的进程"
[2026-06-28 08:24:35] INFO Sending video frame, timestamp: 21590
string(39) "复制流发送数据到其他的进程"
[2026-06-28 08:24:35] INFO Sending audio frame, timestamp: 21607
string(39) "复制流发送数据到其他的进程"
[2026-06-28 08:24:35] INFO Sending video frame, timestamp: 21623
string(39) "复制流发送数据到其他的进程"
[2026-06-28 08:24:35] INFO Sending audio frame, timestamp: 21630
string(39) "复制流发送数据到其他的进程"
[2026-06-28 08:24:35] INFO Sending audio frame, timestamp: 21654
string(39) "复制流发送数据到其他的进程"
[2026-06-28 08:24:35] INFO Sending video frame, timestamp: 21656
string(39) "复制流发送数据到其他的进程"
[2026-06-28 08:24:36] INFO Sending audio frame, timestamp: 21677
string(39) "复制流发送数据到其他的进程"
[2026-06-28 08:24:36] INFO Sending video frame, timestamp: 21690
string(39) "复制流发送数据到其他的进程"
[2026-06-28 08:24:36] INFO Sending audio frame, timestamp: 21700
string(39) "复制流发送数据到其他的进程"
[2026-06-28 08:24:36] INFO Sending video frame, timestamp: 21723
string(39) "复制流发送数据到其他的进程"
[2026-06-28 08:24:36] INFO Sending audio frame, timestamp: 21723
string(39) "复制流发送数据到其他的进程"
[2026-06-28 08:24:36] INFO Sending audio frame, timestamp: 21747
string(39) "复制流发送数据到其他的进程"
[2026-06-28 08:24:36] INFO Sending video frame, timestamp: 21756
string(39) "复制流发送数据到其他的进程"
[2026-06-28 08:24:36] INFO Sending audio frame, timestamp: 21770
string(39) "复制流发送数据到其他的进程"
[2026-06-28 08:24:36] INFO Sending video frame, timestamp: 21790
string(39) "复制流发送数据到其他的进程"
[2026-06-28 08:24:36] INFO Sending audio frame, timestamp: 21793
string(39) "复制流发送数据到其他的进程"
[2026-06-28 08:24:36] INFO Sending audio frame, timestamp: 21816
string(39) "复制流发送数据到其他的进程"
[2026-06-28 08:24:36] INFO Sending video frame, timestamp: 21823
string(39) "复制流发送数据到其他的进程"
[2026-06-28 08:24:36] INFO Sending audio frame, timestamp: 21839
string(39) "复制流发送数据到其他的进程"
[2026-06-28 08:24:36] INFO Sending video frame, timestamp: 21856
string(39) "复制流发送数据到其他的进程"
[2026-06-28 08:24:36] INFO Sending audio frame, timestamp: 21863
string(39) "复制流发送数据到其他的进程"
[2026-06-28 08:24:36] INFO Sending audio frame, timestamp: 21886
string(39) "复制流发送数据到其他的进程"
[2026-06-28 08:24:36] INFO Sending video frame, timestamp: 21890
string(39) "复制流发送数据到其他的进程"
[2026-06-28 08:24:36] INFO Sending audio frame, timestamp: 21909
string(39) "复制流发送数据到其他的进程"
[2026-06-28 08:24:36] INFO Sending video frame, timestamp: 21923
string(39) "复制流发送数据到其他的进程"
[2026-06-28 08:24:36] INFO Sending audio frame, timestamp: 21932
string(39) "复制流发送数据到其他的进程"
[2026-06-28 08:24:36] INFO Sending video frame, timestamp: 21956
string(39) "复制流发送数据到其他的进程"
[2026-06-28 08:24:36] INFO Sending audio frame, timestamp: 21956
string(39) "复制流发送数据到其他的进程"
[2026-06-28 08:24:36] INFO Sending audio frame, timestamp: 21979
string(39) "复制流发送数据到其他的进程"
[2026-06-28 08:24:36] INFO Sending video frame, timestamp: 21990
string(39) "复制流发送数据到其他的进程"
[2026-06-28 08:24:36] INFO Sending audio frame, timestamp: 22002
string(39) "复制流发送数据到其他的进程"
[2026-06-28 08:24:36] INFO Sending video frame, timestamp: 22023
string(39) "复制流发送数据到其他的进程"
[2026-06-28 08:24:36] INFO Sending audio frame, timestamp: 22025
string(39) "复制流发送数据到其他的进程"
[2026-06-28 08:24:36] INFO Sending audio frame, timestamp: 22048
string(39) "复制流发送数据到其他的进程"
[2026-06-28 08:24:36] INFO Sending video frame, timestamp: 22056
string(39) "复制流发送数据到其他的进程"
[2026-06-28 08:24:36] INFO Sending audio frame, timestamp: 22072
string(39) "复制流发送数据到其他的进程"
[2026-06-28 08:24:36] INFO Sending video frame, timestamp: 22090
string(39) "复制流发送数据到其他的进程"
[2026-06-28 08:24:36] INFO Sending audio frame, timestamp: 22095
string(39) "复制流发送数据到其他的进程"
[2026-06-28 08:24:36] INFO Sending audio frame, timestamp: 22118
string(39) "复制流发送数据到其他的进程"
[2026-06-28 08:24:36] INFO Sending video frame, timestamp: 22123
string(39) "复制流发送数据到其他的进程"
[2026-06-28 08:24:36] INFO Sending audio frame, timestamp: 22141
string(39) "复制流发送数据到其他的进程"
[2026-06-28 08:24:36] INFO Sending video frame, timestamp: 22156
string(39) "复制流发送数据到其他的进程"
[2026-06-28 08:24:36] INFO Sending audio frame, timestamp: 22165
string(39) "复制流发送数据到其他的进程"
[2026-06-28 08:24:36] INFO Sending audio frame, timestamp: 22188
string(39) "复制流发送数据到其他的进程"
[2026-06-28 08:24:36] INFO Sending video frame, timestamp: 22190
string(39) "复制流发送数据到其他的进程"
[2026-06-28 08:24:36] INFO Sending audio frame, timestamp: 22211
string(39) "复制流发送数据到其他的进程"
[2026-06-28 08:24:36] INFO Sending video frame, timestamp: 22223
string(39) "复制流发送数据到其他的进程"
[2026-06-28 08:24:36] INFO Sending audio frame, timestamp: 22234
string(39) "复制流发送数据到其他的进程"
[2026-06-28 08:24:36] INFO Sending video frame, timestamp: 22256
string(39) "复制流发送数据到其他的进程"
[2026-06-28 08:24:36] INFO Sending audio frame, timestamp: 22257
string(39) "复制流发送数据到其他的进程"
[2026-06-28 08:24:36] INFO Sending audio frame, timestamp: 22281
string(39) "复制流发送数据到其他的进程"
[2026-06-28 08:24:36] INFO Sending video frame, timestamp: 22290
string(39) "复制流发送数据到其他的进程"
[2026-06-28 08:24:36] INFO Sending audio frame, timestamp: 22304
string(39) "复制流发送数据到其他的进程"
[2026-06-28 08:24:36] INFO Sending video frame, timestamp: 22323
string(39) "复制流发送数据到其他的进程"
[2026-06-28 08:24:36] INFO Sending audio frame, timestamp: 22327
string(39) "复制流发送数据到其他的进程"
[2026-06-28 08:24:36] INFO Sending audio frame, timestamp: 22350
string(39) "复制流发送数据到其他的进程"
[2026-06-28 08:24:36] INFO Sending video frame, timestamp: 22356
string(39) "复制流发送数据到其他的进程"
[2026-06-28 08:24:36] INFO Sending audio frame, timestamp: 22374
string(39) "复制流发送数据到其他的进程"
[2026-06-28 08:24:36] INFO Sending video frame, timestamp: 22390
string(39) "复制流发送数据到其他的进程"
[2026-06-28 08:24:36] INFO Sending audio frame, timestamp: 22397
string(39) "复制流发送数据到其他的进程"
[2026-06-28 08:24:36] INFO Sending audio frame, timestamp: 22420
string(39) "复制流发送数据到其他的进程"
[2026-06-28 08:24:36] INFO Sending video frame, timestamp: 22423
string(39) "复制流发送数据到其他的进程"
[2026-06-28 08:24:36] INFO Sending audio frame, timestamp: 22443
string(39) "复制流发送数据到其他的进程"
[2026-06-28 08:24:36] INFO Sending video frame, timestamp: 22456
string(39) "复制流发送数据到其他的进程"
[2026-06-28 08:24:36] INFO Sending audio frame, timestamp: 22466
string(39) "复制流发送数据到其他的进程"
[2026-06-28 08:24:36] INFO Sending video frame, timestamp: 22490
string(39) "复制流发送数据到其他的进程"
[2026-06-28 08:24:36] INFO Sending audio frame, timestamp: 22490
string(39) "复制流发送数据到其他的进程"
[2026-06-28 08:24:36] INFO Sending audio frame, timestamp: 22513
string(39) "复制流发送数据到其他的进程"
[2026-06-28 08:24:36] INFO Sending video frame, timestamp: 22523
string(39) "复制流发送数据到其他的进程"
[2026-06-28 08:24:36] INFO Sending audio frame, timestamp: 22536
string(39) "复制流发送数据到其他的进程"
[2026-06-28 08:24:36] INFO Sending video frame, timestamp: 22556
string(39) "复制流发送数据到其他的进程"
[2026-06-28 08:24:36] INFO Sending audio frame, timestamp: 22559
string(39) "复制流发送数据到其他的进程"
[2026-06-28 08:24:36] INFO Sending audio frame, timestamp: 22583
string(39) "复制流发送数据到其他的进程"
[2026-06-28 08:24:36] INFO Sending video frame, timestamp: 22590
string(39) "复制流发送数据到其他的进程"
[2026-06-28 08:24:36] INFO Sending audio frame, timestamp: 22606
string(39) "复制流发送数据到其他的进程"
[2026-06-28 08:24:36] INFO Sending video frame, timestamp: 22623
string(39) "复制流发送数据到其他的进程"
[2026-06-28 08:24:36] INFO Sending audio frame, timestamp: 22629
string(39) "复制流发送数据到其他的进程"
[2026-06-28 08:24:36] INFO Sending audio frame, timestamp: 22652
string(39) "复制流发送数据到其他的进程"
[2026-06-28 08:24:36] INFO Sending video frame, timestamp: 22656
string(39) "复制流发送数据到其他的进程"
[2026-06-28 08:24:37] INFO Sending audio frame, timestamp: 22675
string(39) "复制流发送数据到其他的进程"
[2026-06-28 08:24:37] INFO Sending video frame, timestamp: 22690
string(39) "复制流发送数据到其他的进程"
[2026-06-28 08:24:37] INFO Sending audio frame, timestamp: 22699
string(39) "复制流发送数据到其他的进程"
[2026-06-28 08:24:37] INFO Sending audio frame, timestamp: 22722
string(39) "复制流发送数据到其他的进程"
[2026-06-28 08:24:37] INFO Sending video frame, timestamp: 22723
string(39) "复制流发送数据到其他的进程"
[2026-06-28 08:24:37] INFO Sending audio frame, timestamp: 22745
string(39) "复制流发送数据到其他的进程"
[2026-06-28 08:24:37] INFO Sending video frame, timestamp: 22756
string(39) "复制流发送数据到其他的进程"
[2026-06-28 08:24:37] INFO Sending audio frame, timestamp: 22768
string(39) "复制流发送数据到其他的进程"
[2026-06-28 08:24:37] INFO Sending video frame, timestamp: 22790
string(39) "复制流发送数据到其他的进程"
[2026-06-28 08:24:37] INFO Sending audio frame, timestamp: 22791
string(39) "复制流发送数据到其他的进程"
[2026-06-28 08:24:37] INFO Sending audio frame, timestamp: 22815
string(39) "复制流发送数据到其他的进程"
[2026-06-28 08:24:37] INFO Sending video frame, timestamp: 22823
string(39) "复制流发送数据到其他的进程"
[2026-06-28 08:24:37] INFO Sending audio frame, timestamp: 22838
string(39) "复制流发送数据到其他的进程"
[2026-06-28 08:24:37] INFO Sending video frame, timestamp: 22856
string(39) "复制流发送数据到其他的进程"
[2026-06-28 08:24:37] INFO Sending audio frame, timestamp: 22861
string(39) "复制流发送数据到其他的进程"
[2026-06-28 08:24:37] INFO Sending audio frame, timestamp: 22884
string(39) "复制流发送数据到其他的进程"
[2026-06-28 08:24:37] INFO Sending video frame, timestamp: 22890
string(39) "复制流发送数据到其他的进程"
[2026-06-28 08:24:37] INFO Sending audio frame, timestamp: 22908
string(39) "复制流发送数据到其他的进程"
[2026-06-28 08:24:37] INFO Sending video frame, timestamp: 22923
string(39) "复制流发送数据到其他的进程"
[2026-06-28 08:24:37] INFO Sending audio frame, timestamp: 22931
string(39) "复制流发送数据到其他的进程"
[2026-06-28 08:24:37] INFO Sending audio frame, timestamp: 22954
string(39) "复制流发送数据到其他的进程"
[2026-06-28 08:24:37] INFO Sending video frame, timestamp: 22956
string(39) "复制流发送数据到其他的进程"
[2026-06-28 08:24:37] INFO Sending audio frame, timestamp: 22977
string(39) "复制流发送数据到其他的进程"
[2026-06-28 08:24:37] INFO Sending video frame, timestamp: 22990
string(39) "复制流发送数据到其他的进程"
[2026-06-28 08:24:37] INFO Sending audio frame, timestamp: 23000
string(39) "复制流发送数据到其他的进程"
[2026-06-28 08:24:37] INFO Sending video frame, timestamp: 23023
string(39) "复制流发送数据到其他的进程"
[2026-06-28 08:24:37] INFO Sending audio frame, timestamp: 23024
string(39) "复制流发送数据到其他的进程"
[2026-06-28 08:24:37] INFO Sending audio frame, timestamp: 23047
string(39) "复制流发送数据到其他的进程"
[2026-06-28 08:24:37] INFO Sending video frame, timestamp: 23056
string(39) "复制流发送数据到其他的进程"
[2026-06-28 08:24:37] INFO Sending audio frame, timestamp: 23070
string(39) "复制流发送数据到其他的进程"
[2026-06-28 08:24:37] INFO Sending video frame, timestamp: 23090
string(39) "复制流发送数据到其他的进程"
[2026-06-28 08:24:37] INFO Sending audio frame, timestamp: 23093
string(39) "复制流发送数据到其他的进程"
[2026-06-28 08:24:37] INFO Sending audio frame, timestamp: 23117
string(39) "复制流发送数据到其他的进程"
[2026-06-28 08:24:37] INFO Sending video frame, timestamp: 23123
string(39) "复制流发送数据到其他的进程"
[2026-06-28 08:24:37] INFO Sending audio frame, timestamp: 23140
string(39) "复制流发送数据到其他的进程"
[2026-06-28 08:24:37] INFO Sending video frame, timestamp: 23156
string(39) "复制流发送数据到其他的进程"
[2026-06-28 08:24:37] INFO Sending audio frame, timestamp: 23163
string(39) "复制流发送数据到其他的进程"
[2026-06-28 08:24:37] INFO Sending audio frame, timestamp: 23186
string(39) "复制流发送数据到其他的进程"
[2026-06-28 08:24:37] INFO Sending video frame, timestamp: 23190
string(39) "复制流发送数据到其他的进程"
[2026-06-28 08:24:37] INFO Sending audio frame, timestamp: 23209
string(39) "复制流发送数据到其他的进程"
[2026-06-28 08:24:37] INFO Sending video frame, timestamp: 23223
string(39) "复制流发送数据到其他的进程"
[2026-06-28 08:24:37] INFO Sending audio frame, timestamp: 23233
string(39) "复制流发送数据到其他的进程"
[2026-06-28 08:24:37] INFO Sending video frame, timestamp: 23256
string(39) "复制流发送数据到其他的进程"
[2026-06-28 08:24:37] INFO Sending audio frame, timestamp: 23256
string(39) "复制流发送数据到其他的进程"
[2026-06-28 08:24:37] INFO Sending audio frame, timestamp: 23279
string(39) "复制流发送数据到其他的进程"
[2026-06-28 08:24:37] INFO Sending video frame, timestamp: 23290
string(39) "复制流发送数据到其他的进程"
[2026-06-28 08:24:37] INFO Sending audio frame, timestamp: 23302
string(39) "复制流发送数据到其他的进程"
[2026-06-28 08:24:37] INFO Sending video frame, timestamp: 23323
string(39) "复制流发送数据到其他的进程"
[2026-06-28 08:24:37] INFO Sending audio frame, timestamp: 23326
string(39) "复制流发送数据到其他的进程"
[2026-06-28 08:24:37] INFO Sending audio frame, timestamp: 23349
string(39) "复制流发送数据到其他的进程"
[2026-06-28 08:24:37] INFO Sending video frame, timestamp: 23356
string(39) "复制流发送数据到其他的进程"
[2026-06-28 08:24:37] INFO Sending audio frame, timestamp: 23372
string(39) "复制流发送数据到其他的进程"
[2026-06-28 08:24:37] INFO Sending video frame, timestamp: 23390
string(39) "复制流发送数据到其他的进程"
[2026-06-28 08:24:37] INFO Sending audio frame, timestamp: 23395
string(39) "复制流发送数据到其他的进程"
[2026-06-28 08:24:37] INFO Sending audio frame, timestamp: 23418
string(39) "复制流发送数据到其他的进程"
[2026-06-28 08:24:37] INFO Sending video frame, timestamp: 23423
string(39) "复制流发送数据到其他的进程"
[2026-06-28 08:24:37] INFO Sending audio frame, timestamp: 23442
string(39) "复制流发送数据到其他的进程"
[2026-06-28 08:24:37] INFO Sending video frame, timestamp: 23456
string(39) "复制流发送数据到其他的进程"
[2026-06-28 08:24:37] INFO Sending audio frame, timestamp: 23465
string(39) "复制流发送数据到其他的进程"
[2026-06-28 08:24:37] INFO Sending audio frame, timestamp: 23488
string(39) "复制流发送数据到其他的进程"
[2026-06-28 08:24:37] INFO Sending video frame, timestamp: 23490
string(39) "复制流发送数据到其他的进程"
[2026-06-28 08:24:37] INFO Sending audio frame, timestamp: 23511
string(39) "复制流发送数据到其他的进程"
[2026-06-28 08:24:37] INFO Sending video frame, timestamp: 23523
string(39) "复制流发送数据到其他的进程"
[2026-06-28 08:24:37] INFO Sending audio frame, timestamp: 23535
string(39) "复制流发送数据到其他的进程"
[2026-06-28 08:24:37] INFO Sending video frame, timestamp: 23556
string(39) "复制流发送数据到其他的进程"
[2026-06-28 08:24:37] INFO Sending audio frame, timestamp: 23558
string(39) "复制流发送数据到其他的进程"
[2026-06-28 08:24:37] INFO Sending audio frame, timestamp: 23581
string(39) "复制流发送数据到其他的进程"
[2026-06-28 08:24:37] INFO Sending video frame, timestamp: 23590
string(39) "复制流发送数据到其他的进程"
[2026-06-28 08:24:37] INFO Sending audio frame, timestamp: 23604
string(39) "复制流发送数据到其他的进程"
[2026-06-28 08:24:37] INFO Sending video frame, timestamp: 23623
string(39) "复制流发送数据到其他的进程"
[2026-06-28 08:24:37] INFO Sending audio frame, timestamp: 23627
string(39) "复制流发送数据到其他的进程"
[2026-06-28 08:24:37] INFO Sending audio frame, timestamp: 23651
string(39) "复制流发送数据到其他的进程"
[2026-06-28 08:24:37] INFO Sending video frame, timestamp: 23656
[2026-06-28 08:24:38] INFO flv player close
[2026-06-28 08:25:02] INFO rtmpInvokeHandler FCUnpublish use:0.054121017456055ms
[2026-06-28 08:25:02] INFO rtmpInvokeHandler deleteStream use:0.02598762512207ms
[2026-06-28 08:25:02] INFO flv pusher closed: /a/b
[2026-06-28 08:25:02] INFO [rtmp disconnect] id=4GP59E6K
